,公司代码,公司简称,公司全称
0,600000,浦发银行,上海浦东发展银行股份有限公司
1,600004,白云机场,广州白云国际机场股份有限公司
2,600006,东风汽车,东风汽车股份有限公司
3,600007,中国国贸,中国国际贸易中心股份有限公司
4,600008,首创股份,北京首创股份有限公司
5,600009,上海机场,上海国际机场股份有限公司
6,600010,包钢股份,内蒙古包钢钢联股份有限公司
7,600011,华能国际,华能国际电力股份有限公司
8,600012,皖通高速,安徽皖通高速公路股份有限公司
9,600015,华夏银行,华夏银行股份有限公司
10,600016,民生银行,中国民生银行股份有限公司
11,600017,日照港,日照港股份有限公司
12,600018,上港集团,上海国际港务（集团）股份有限公司
13,600019,宝钢股份,宝山钢铁股份有限公司
14,600020,中原高速,河南中原高速公路股份有限公司
15,600021,上海电力,上海电力股份有限公司
16,600022,山东钢铁,山东钢铁股份有限公司
17,600023,浙能电力,浙江浙能电力股份有限公司
18,600026,中远海能,中远海运能源运输股份有限公司
19,600027,华电国际,华电国际电力股份有限公司
20,600028,中国石化,中国石油化工股份有限公司
21,600029,南方航空,中国南方航空股份有限公司
22,600030,中信证券,中信证券股份有限公司
23,600031,三一重工,三一重工股份有限公司
24,600033,福建高速,福建发展高速公路股份有限公司
25,600035,楚天高速,湖北楚天高速公路股份有限公司
26,600036,招商银行,招商银行股份有限公司
27,600037,歌华有线,北京歌华有线电视网络股份有限公司
28,600038,中直股份,中航直升机股份有限公司
29,600039,四川路桥,四川路桥建设集团股份有限公司
30,600048,保利地产,保利房地产（集团）股份有限公司
31,600050,中国联通,中国联合网络通信股份有限公司
32,600051,宁波联合,宁波联合集团股份有限公司
33,600052,浙江广厦,浙江广厦股份有限公司
34,600053,九鼎投资,昆吾九鼎投资控股股份有限公司
35,600054,黄山旅游,黄山旅游发展股份有限公司
36,600055,万东医疗,华润万东医疗装备股份有限公司
37,600056,中国医药,中国医药健康产业股份有限公司
38,600057,象屿股份,厦门象屿股份有限公司
39,600058,五矿发展,五矿发展股份有限公司
40,600059,古越龙山,浙江古越龙山绍兴酒股份有限公司
41,600060,海信电器,青岛海信电器股份有限公司
42,600061,国投安信,国投安信股份有限公司
43,600062,华润双鹤,华润双鹤药业股份有限公司
44,600063,皖维高新,安徽皖维高新材料股份有限公司
45,600064,南京高科,南京高科股份有限公司
46,600066,宇通客车,郑州宇通客车股份有限公司
47,600067,冠城大通,冠城大通股份有限公司
48,600068,葛洲坝,中国葛洲坝集团股份有限公司
49,600069,银鸽投资,河南银鸽实业投资股份有限公司
50,600070,浙江富润,浙江富润股份有限公司
51,600071,凤凰光学,凤凰光学股份有限公司
52,600072,钢构工程,中船钢构工程股份有限公司
53,600073,上海梅林,上海梅林正广和股份有限公司
54,600074,保千里,江苏保千里视像科技集团股份有限公司
55,600075,新疆天业,新疆天业股份有限公司
56,600076,康欣新材,康欣新材料股份有限公司
57,600077,宋都股份,宋都基业投资股份有限公司
58,600078,澄星股份,江苏澄星磷化工股份有限公司
59,600079,人福医药,人福医药集团股份公司
60,600080,金花股份,金花企业（集团）股份有限公司
61,600081,东风科技,东风电子科技股份有限公司
62,600082,海泰发展,天津海泰科技发展股份有限公司
63,600083,博信股份,广东博信投资控股股份有限公司
64,600084,中葡股份,中信国安葡萄酒业股份有限公司
65,600085,同仁堂,北京同仁堂股份有限公司
66,600086,东方金钰,东方金钰股份有限公司
67,600089,特变电工,特变电工股份有限公司
68,600091,ST明科,包头明天科技股份有限公司
69,600093,禾嘉股份,四川禾嘉股份有限公司
70,600094,大名城,上海大名城企业股份有限公司
71,600095,哈高科,哈尔滨高科技（集团）股份有限公司
72,600096,云天化,云南云天化股份有限公司
73,600097,开创国际,上海开创国际海洋资源股份有限公司
74,600098,广州发展,广州发展集团股份有限公司
75,600099,林海股份,林海股份有限公司
76,600100,同方股份,同方股份有限公司
77,600101,明星电力,四川明星电力股份有限公司
78,600103,青山纸业,福建省青山纸业股份有限公司
79,600104,上汽集团,上海汽车集团股份有限公司
80,600105,永鼎股份,江苏永鼎股份有限公司
81,600106,重庆路桥,重庆路桥股份有限公司
82,600107,美尔雅,湖北美尔雅股份有限公司
83,600108,亚盛集团,甘肃亚盛实业（集团）股份有限公司
84,600109,国金证券,国金证券股份有限公司
85,600110,诺德股份,诺德投资股份有限公司
86,600111,北方稀土,中国北方稀土（集团）高科技股份有限公司
87,600112,天成控股,贵州长征天成控股股份有限公司
88,600113,浙江东日,浙江东日股份有限公司
89,600114,东睦股份,东睦新材料集团股份有限公司
90,600115,东方航空,中国东方航空股份有限公司
91,600116,三峡水利,重庆三峡水利电力（集团）股份有限公司
92,600117,西宁特钢,西宁特殊钢股份有限公司
93,600118,中国卫星,中国东方红卫星股份有限公司
94,600119,长江投资,长发集团长江投资实业股份有限公司
95,600120,浙江东方,浙江东方集团股份有限公司
96,600121,郑州煤电,郑州煤电股份有限公司
97,600122,宏图高科,江苏宏图高科技股份有限公司
98,600123,兰花科创,山西兰花科技创业股份有限公司
99,600125,铁龙物流,中铁铁龙集装箱物流股份有限公司
100,600126,杭钢股份,杭州钢铁股份有限公司
101,600127,金健米业,金健米业股份有限公司
102,600128,弘业股份,江苏弘业股份有限公司
103,600129,太极集团,重庆太极实业（集团）股份有限公司
104,600130,波导股份,宁波波导股份有限公司
105,600131,岷江水电,四川岷江水利电力股份有限公司
106,600132,重庆啤酒,重庆啤酒股份有限公司
107,600133,东湖高新,武汉东湖高新集团股份有限公司
108,600135,乐凯胶片,乐凯胶片股份有限公司
109,600136,当代明诚,武汉当代明诚文化股份有限公司
110,600137,浪莎股份,四川浪莎控股股份有限公司
111,600138,中青旅,中青旅控股股份有限公司
112,600139,西部资源,四川西部资源控股股份有限公司
113,600141,兴发集团,湖北兴发化工集团股份有限公司
114,600143,金发科技,金发科技股份有限公司
115,600145,*ST新亿,新疆亿路万源实业投资控股股份有限公司
116,600146,商赢环球,商赢环球股份有限公司
117,600148,长春一东,长春一东离合器股份有限公司
118,600149,廊坊发展,廊坊发展股份有限公司
119,600150,中国船舶,中国船舶工业股份有限公司
120,600151,航天机电,上海航天汽车机电股份有限公司
121,600152,维科精华,宁波维科精华集团股份有限公司
122,600153,建发股份,厦门建发股份有限公司
123,600155,宝硕股份,河北宝硕股份有限公司
124,600156,华升股份,湖南华升股份有限公司
125,600157,永泰能源,永泰能源股份有限公司
126,600158,中体产业,中体产业集团股份有限公司
127,600159,大龙地产,北京市大龙伟业房地产开发股份有限公司
128,600160,巨化股份,浙江巨化股份有限公司
129,600161,天坛生物,北京天坛生物制品股份有限公司
130,600162,香江控股,深圳香江控股股份有限公司
131,600163,中闽能源,中闽能源股份有限公司
132,600165,新日恒力,宁夏新日恒力钢丝绳股份有限公司
133,600166,福田汽车,北汽福田汽车股份有限公司
134,600167,联美控股,联美量子股份有限公司
135,600168,武汉控股,武汉三镇实业控股股份有限公司
136,600169,太原重工,太原重工股份有限公司
137,600170,上海建工,上海建工集团股份有限公司
138,600171,上海贝岭,上海贝岭股份有限公司
139,600172,黄河旋风,河南黄河旋风股份有限公司
140,600173,卧龙地产,卧龙地产集团股份有限公司
141,600175,美都能源,美都能源股份有限公司
142,600176,中国巨石,中国巨石股份有限公司
143,600177,雅戈尔,雅戈尔集团股份有限公司
144,600178,东安动力,哈尔滨东安汽车动力股份有限公司
145,600179,安通控股,安通控股股份有限公司
146,600180,瑞茂通,瑞茂通供应链管理股份有限公司
147,600182,S佳通,佳通轮胎股份有限公司
148,600183,生益科技,广东生益科技股份有限公司
149,600184,光电股份,北方光电股份有限公司
150,600185,格力地产,格力地产股份有限公司
151,600186,莲花健康,莲花健康产业集团股份有限公司
152,600187,国中水务,黑龙江国中水务股份有限公司
153,600188,兖州煤业,兖州煤业股份有限公司
154,600189,吉林森工,吉林森林工业股份有限公司
155,600190,锦州港,锦州港股份有限公司
156,600191,华资实业,包头华资实业股份有限公司
157,600192,长城电工,兰州长城电工股份有限公司
158,600193,创兴资源,上海创兴资源开发股份有限公司
159,600195,中牧股份,中牧实业股份有限公司
160,600196,复星医药,上海复星医药（集团）股份有限公司
161,600197,伊力特,新疆伊力特实业股份有限公司
162,600198,大唐电信,大唐电信科技股份有限公司
163,600199,金种子酒,安徽金种子酒业股份有限公司
164,600200,江苏吴中,江苏吴中实业股份有限公司
165,600201,生物股份,金宇生物技术股份有限公司
166,600202,哈空调,哈尔滨空调股份有限公司
167,600203,福日电子,福建福日电子股份有限公司
168,600206,有研新材,有研新材料股份有限公司
169,600207,安彩高科,河南安彩高科股份有限公司
170,600208,新湖中宝,新湖中宝股份有限公司
171,600209,罗顿发展,罗顿发展股份有限公司
172,600210,紫江企业,上海紫江企业集团股份有限公司
173,600211,西藏药业,西藏诺迪康药业股份有限公司
174,600212,*ST江泉,山东江泉实业股份有限公司
175,600213,亚星客车,扬州亚星客车股份有限公司
176,600215,长春经开,长春经开（集团）股份有限公司
177,600216,浙江医药,浙江医药股份有限公司
178,600217,中再资环,中再资源环境股份有限公司
179,600218,全柴动力,安徽全柴动力股份有限公司
180,600219,南山铝业,山东南山铝业股份有限公司
181,600220,江苏阳光,江苏阳光股份有限公司
182,600221,海南航空,海南航空股份有限公司
183,600222,太龙药业,河南太龙药业股份有限公司
184,600223,鲁商置业,鲁商置业股份有限公司
185,600225,天津松江,天津松江股份有限公司
186,600226,升华拜克,浙江升华拜克生物股份有限公司
187,600227,赤天化,贵州赤天化股份有限公司
188,600228,昌九生化,江西昌九生物化工股份有限公司
189,600229,城市传媒,青岛城市传媒股份有限公司
190,600230,*ST沧大,沧州大化股份有限公司
191,600231,凌钢股份,凌源钢铁股份有限公司
192,600232,金鹰股份,浙江金鹰股份有限公司
193,600233,圆通速递,圆通速递股份有限公司
194,600234,广和山水,山西广和山水文化传播股份有限公司
195,600235,民丰特纸,民丰特种纸股份有限公司
196,600236,桂冠电力,广西桂冠电力股份有限公司
197,600237,铜峰电子,安徽铜峰电子股份有限公司
198,600238,海南椰岛,海南椰岛（集团）股份有限公司
199,600239,西部资源,四川西部资源控股股份有限公司
200,600240,西部资源,北京华业资本控股股份有限公司
201,600241,时代万恒,辽宁时代万恒股份有限公司
202,600242,中昌数据,中昌大数据股份有限公司
203,600243,青海华鼎,青海华鼎实业股份有限公司
204,600246,万通地产,北京万通地产股份有限公司
205,600247,ST成城,吉林成城集团股份有限公司
206,600248,延长化建,陕西延长石油化建股份有限公司
207,600249,两面针,柳州两面针股份有限公司
208,600250,南纺股份,南京纺织品进出口股份有限公司
209,600251,冠农股份,新疆冠农果茸集团股份有限公司
210,600252,中恒集团,广西梧州中恒集团股份有限公司
211,600255,鑫科材料,安徽鑫科新材料股份有限公司
212,600256,广汇能源,广汇能源股份有限公司
213,600257,大湖股份,大湖水殖股份有限公司
214,600258,首旅酒店,北京首旅酒店（集团）股份有限公司
215,600259,广晟有色,广晟有色金属股份有限公司
216,600260,凯乐科技,湖北凯乐科技股份有限公司
217,600261,阳光照明,浙江阳光照明电器集团股份有限公司
218,600262,北方股份,内蒙古北方重型汽车股份有限公司
219,600265,ST景谷,云南景谷林业股份有限公司
220,600266,北京城建,北京城建投资发展股份有限公司
221,600267,海正药业,浙江海正药业股份有限公司
222,600268,国电南自,国电南京自动化股份有限公司
223,600269,赣粤高速,江西赣粤高速公路股份有限公司
224,600270,外运发展,中外运空运发展股份有限公司
225,600271,航天信息,航天信息股份有限公司
226,600272,开开实业,上海开开实业股份有限公司
227,600273,嘉化能源,浙江嘉化能源化工股份有限公司
228,600275,武昌鱼,湖北武昌鱼股份有限公司
229,600276,恒瑞医药,江苏恒瑞医药股份有限公司
230,600277,亿利洁能,亿利洁能股份有限公司
231,600278,东方创业,东方国际创业股份有限公司
232,600279,重庆港九,重庆港九股份有限公司
233,600280,中央商场,南京中央商场（集团）股份有限公司
234,600281,太化股份,太原化工股份有限公司
235,600282,南钢股份,南京钢铁股份有限公司
236,600283,钱江水利,钱江水利开发股份有限公司
237,600284,浦东建设,上海浦东路桥建设股份有限公司
238,600285,羚锐制药,河南羚锐制药股份有限公司
239,600287,江苏舜天,江苏舜天股份有限公司
240,600288,大恒科技,大恒新纪元科技股份有限公司
241,600289,亿阳信通,亿阳信通股份有限公司
242,600290,华仪电气,华仪电气股份有限公司
243,600291,西水股份,内蒙古西水创业股份有限公司
244,600292,远达环保,国家电投集团远达环保股份有限公司
245,600293,三峡新材,湖北三峡新型建材股份有限公司
246,600295,鄂尔多斯,内蒙古鄂尔多斯资源股份有限公司
247,600297,广汇汽车,广汇汽车服务股份公司
248,600298,安琪酵母,安琪酵母股份有限公司
249,600299,安迪苏,蓝星安迪苏股份有限公司
250,600300,维维股份,维维食品饮料股份有限公司
251,600301,*ST南化,南宁化工股份有限公司
252,600302,标准股份,西安标准工业股份有限公司
253,600303,曙光股份,辽宁曙光汽车集团股份有限公司
254,600305,恒顺醋业,江苏恒顺醋业股份有限公司
255,600306,*ST商城,沈阳商业城股份有限公司
256,600307,酒钢宏兴,甘肃酒钢集团宏兴钢铁股份有限公司
257,600308,华泰股份,山东华泰纸业股份有限公司
258,600309,万华化学,万华化学集团股份有限公司
259,600310,桂东电力,广西桂东电力股份有限公司
260,600311,荣华实业,甘肃荣华实业（集团）股份有限公司
261,600312,平高电气,河南平高电气股份有限公司
262,600313,农发种业,中农发种业集团股份有限公司
263,600315,上海家化,上海家化联合股份有限公司
264,600316,洪都航空,江西洪都航空工业股份有限公司
265,600317,营口港,营口港务股份有限公司
266,600318,新力金融,安徽新力金融股份有限公司
267,600319,*ST亚星,潍坊亚星化学股份有限公司
268,600320,振华重工,上海振华重工（集团）股份有限公司
269,600321,国栋建设,四川国栋建设股份有限公司
270,600322,天房发展,天津市房地产发展（集团）股份有限公司
271,600323,瀚蓝环境,瀚蓝环境股份有限公司
272,600325,华发股份,珠海华发实业股份有限公司
273,600326,西藏天路,西藏天路股份有限公司
274,600327,大东方,无锡商业大厦大东方股份有限公司
275,600328,兰太实业,内蒙古兰太实业股份有限公司
276,600329,中新药业,天津中新药业集团股份有限公司
277,600330,天通股份,天通控股股份有限公司
278,600331,宏达股份,四川宏达股份有限公司
279,600332,白云山,广州白云山医药集团股份有限公司
280,600333,长春燃气,长春燃气股份有限公司
281,600335,国机汽车,国机汽车股份有限公司
282,600336,澳柯玛,澳柯玛股份有限公司
283,600337,美克家居,美克国际家居用品股份有限公司
284,600338,西藏珠峰,西藏珠峰资源股份有限公司
285,600339,*ST油工,新疆独山子天利高新技术股份有限公司
286,600340,华夏幸福,华夏幸福基业股份有限公司
287,600343,航天动力,陕西航天动力高科技股份有限公司
288,600345,长江通信,武汉长江通信产业集团股份有限公司
289,600346,恒力股份,恒力石化股份有限公司
290,600348,阳泉煤业,阳泉煤业（集团）股份有限公司
291,600350,山东高速,山东高速股份有限公司
292,600351,亚宝药业,亚宝药业集团股份有限公司
293,600352,浙江龙盛,浙江龙盛集团股份有限公司
294,600353,旭光股份,成都旭光电子股份有限公司
295,600354,敦煌种业,甘肃省敦煌种业股份有限公司
296,600355,精伦电子,精伦电子股份有限公司
297,600356,恒丰纸业,牡丹江恒丰纸业股份有限公司
298,600358,国旅联合,国旅联合股份有限公司
299,600359,新农开发,新疆塔里木农业综合开发股份有限公司
300,600360,华微电子,吉林华微电子股份有限公司
301,600361,华联综超,北京华联综合超市股份有限公司
302,600362,江西铜业,江西铜业股份有限公司
303,600363,联创光电,江西联创光电科技股份有限公司
304,600365,通葡股份,通化葡萄酒股份有限公司
305,600366,宁波韵升,宁波韵升股份有限公司
306,600367,红星发展,贵州红星发展股份有限公司
307,600368,五洲交通,广西五洲交通股份有限公司
308,600369,西南证券,西南证券股份有限公司
309,600370,三房巷,江苏三房巷实业股份有限公司
310,600371,万向德农,万向德农股份有限公司
311,600372,中航电子,中航航空电子系统股份有限公司
312,600373,中文传媒,中文天地出版传媒股份有限公司
313,600375,*ST星马,华菱星马汽车（集团）股份有限公司
314,600376,首开股份,北京首都开发股份有限公司
315,600377,宁沪高速,江苏宁沪高速公路股份有限公司
316,600378,天科股份,四川天一科技股份有限公司
317,600379,宝光股份,陕西宝光真空电器股份有限公司
318,600380,健康元,健康元药业集团股份有限公司
319,600381,青海春天,青海春天药用资源科技股份有限公司
320,600382,广东明珠,广东明珠集团股份有限公司
321,600383,金地集团,金地（集团）股份有限公司
322,600385,山东金泰,山东金泰集团股份有限公司
323,600386,北巴传媒,北京巴士传媒股份有限公司
324,600387,海越股份,浙江海越股份有限公司
325,600388,龙净环保,福建龙净环保股份有限公司
326,600389,江山股份,南通江山农药化工股份有限公司
327,600390,*ST金瑞,金瑞新材料科技股份有限公司
328,600391,成发科技,四川成发航空科技股份有限公司
329,600392,盛和资源,盛和资源控股股份有限公司
330,600393,粤泰股份,广州粤泰集团股份有限公司
331,600395,盘江股份,贵州盘江精煤股份有限公司
332,600397,安源煤业,安源煤业集团股份有限公司
333,600398,海澜之家,海澜之家股份有限公司
334,600399,抚顺特钢,抚顺特殊钢股份有限公司
335,600400,红豆股份,江苏红豆实业股份有限公司
336,600401,海润光伏,海润光伏科技股份有限公司
337,600403,大有能源,河南大有能源股份有限公司
338,600405,动力源,北京动力源科技股份有限公司
339,600406,*ST商城,国电南瑞科技股份有限公司
340,600408,安泰集团,山西安泰集团股份有限公司
341,600409,三友化工,唐山三友化工股份有限公司
342,600410,华胜天成,北京华胜天成科技股份有限公司
343,600415,小商品城,浙江中国小商品城集团股份有限公司
344,600416,湘电股份,湘潭电机股份有限公司
345,600418,江淮汽车,安徽江淮汽车集团股份有限公司
346,600419,天润乳业,新疆天润乳业股份有限公司
347,600420,现代制药,上海现代制药股份有限公司
348,600421,仰帆控股,湖北仰帆控股股份有限公司
349,600422,昆药集团,昆药集团股份有限公司
350,600423,柳化股份,柳州化工股份有限公司
351,600425,青松建化,新疆青松建材化工（集团）股份有限公司
352,600426,华鲁恒升,山东华鲁恒升化工股份有限公司
353,600428,中远海特,中远海运特种运输股份有限公司
354,600429,三元股份,北京三元食品股份有限公司
355,600432,*ST吉恩,吉林吉恩镍业股份有限公司
356,600433,冠豪高新,广东冠豪高新技术股份有限公司
357,600435,北方导航,北方导航控制技术股份有限公司
358,600436,片仔癀,漳州片仔癀药业股份有限公司
359,600438,通威股份,通威股份有限公司
360,600439,瑞贝卡,河南瑞贝卡发制品股份有限公司
361,600444,国机通用,国机通用机械科技股份有限公司
362,600446,金证股份,深圳市金证科技股份有限公司
363,600448,华纺股份,华纺股份有限公司
364,600449,宁夏建材,宁夏建材集团股份有限公司
365,600452,涪陵电力,重庆涪陵电力实业股份有限公司
366,600455,博通股份,西安博通资讯股份有限公司
367,600456,宝钛股份,宝鸡钛业股份有限公司
368,600458,时代新材,株洲时代新材料科技股份有限公司
369,600459,贵研铂业,贵研铂业股份有限公司
370,600460,士兰微,杭州士兰微电子股份有限公司
371,600461,洪城水业,江西洪城水业股份有限公司
372,600462,九有股份,深圳九有股份有限公司
373,600463,空港股份,北京空港科技园区股份有限公司
374,600466,蓝光发展,四川蓝光发展股份有限公司
375,600467,好当家,山东好当家海洋发展股份有限公司
376,600468,百利电气,天津百利特精电气股份有限公司
377,600469,风神股份,风神轮胎股份有限公司
378,600470,六国化工,安徽六国化工股份有限公司
379,600475,华光股份,无锡华光锅炉股份有限公司
380,600476,湘邮科技,湖南湘邮科技股份有限公司
381,600477,杭萧钢构,杭萧钢构股份有限公司
382,600478,科力远,湖南科力远新能源股份有限公司
383,600479,千金药业,株洲千金药业股份有限公司
384,600480,凌云股份,凌云工业股份有限公司
385,600481,双良节能,双良节能系统股份有限公司
386,600482,中国动力,中国船舶重工集团动力股份有限公司
387,600483,福能股份,福建福能股份有限公司
388,600485,信威集团,北京信威科技集团股份有限公司
389,600486,扬农化工,江苏扬农化工股份有限公司
390,600487,亨通光电,江苏亨通光电股份有限公司
391,600488,天药股份,天津天药药业股份有限公司
392,600489,中金黄金,中金黄金股份有限公司
393,600490,鹏欣资源,鹏欣环球资源股份有限公司
394,600491,龙元建设,龙元建设集团股份有限公司
395,600493,凤竹纺织,福建凤竹纺织科技股份有限公司
396,600495,晋西车轴,晋西车轴股份有限公司
397,600496,精工钢构,长江精工钢结构（集团）股份有限公司
398,600497,驰宏锌锗,云南驰宏锌锗股份有限公司
399,600498,烽火通信,烽火通信科技股份有限公司
400,600499,科达洁能,广东科达洁能股份有限公司
401,600500,中化国际,中化国际（控股）股份有限公司
402,600501,航天晨光,航天晨光股份有限公司
403,600502,安徽水利,安徽水利开发股份有限公司
404,600503,华丽家族,华丽家族股份有限公司
405,600505,西昌电力,四川西昌电力股份有限公司
406,600506,香梨股份,新疆库尔勒香梨股份有限公司
407,600507,香梨股份,方大特钢科技股份有限公司
408,600508,上海能源,上海大屯能源股份有限公司
409,600509,天富能源,新疆天富能源股份有限公司
410,600510,黑牡丹,黑牡丹（集团）股份有限公司
411,600511,国药股份,国药集团药业股份有限公司
412,600512,腾达建设,腾达建设集团股份有限公司
413,600513,联环药业,江苏联环药业股份有限公司
414,600515,海航基础,海南海航基础设施投资集团股份有限公司
415,600516,方大炭素,方大炭素新材料科技股份有限公司
416,600517,置信电气,上海置信电气股份有限公司
417,600518,康美药业,康美药业股份有限公司
418,600519,贵州茅台,贵州茅台酒股份有限公司
419,600520,*ST中发,铜陵中发三佳科技股份有限公司
420,600521,华海药业,浙江华海药业股份有限公司
421,600522,中天科技,江苏中天科技股份有限公司
422,600523,贵航股份,贵州贵航汽车零部件股份有限公司
423,600525,长园集团,长园集团股份有限公司
424,600526,菲达环保,浙江菲达环保科技股份有限公司
425,600527,菲达环保,江苏江南高纤股份有限公司
426,600528,中铁二局,中铁高新工业股份有限公司
427,600529,山东药玻,山东省药用玻璃股份有限公司
428,600530,交大昂立,上海交大昂立股份有限公司
429,600531,豫光金铅,河南豫光金铅股份有限公司
430,600532,宏达矿业,上海宏达矿业股份有限公司
431,600533,栖霞建设,南京栖霞建设股份有限公司
432,600535,天士力,天士力制药集团股份有限公司
433,600536,中国软件,中国软件与技术服务股份有限公司
434,600537,亿晶光电,亿晶光电科技股份有限公司
435,600538,国发股份,北海国发海洋生物产业股份有限公司
436,600539,ST狮头,太原狮头水泥股份有限公司
437,600540,新赛股份,新疆赛里木现代农业股份有限公司
438,600543,莫高股份,甘肃莫高实业发展股份有限公司
439,600545,新疆城建,新疆城建（集团）股份有限公司
440,600546,*ST山煤,山煤国际能源集团股份有限公司
441,600547,山东黄金,山东黄金矿业股份有限公司
442,600548,深高速,深圳高速公路股份有限公司
443,600549,厦门钨业,厦门钨业股份有限公司
444,600550,保变电气,保定天威保变电气股份有限公司
445,600551,时代出版,时代出版传媒股份有限公司
446,600552,凯盛科技,凯盛科技股份有限公司
447,600555,海航创新,海航创新（海南）股份有限公司
448,600556,ST慧球,广西慧球科技股份有限公司
449,600557,康缘药业,江苏康缘药业股份有限公司
450,600558,600558,四川大西洋焊接材料股份有限公司
451,600559,老白干酒,河北衡水老白干酒业股份有限公司
452,600560,金自天正,北京金自天正智能控制股份有限公司
453,600561,江西长运,江西长运股份有限公司
454,600562,国睿科技,国睿科技股份有限公司
455,600563,法拉电子,厦门法拉电子股份有限公司
456,600565,迪马股份,重庆市迪马实业股份有限公司
457,600566,济川药业,湖北济川药业股份有限公司
458,600567,山鹰纸业,安徽山鹰纸业股份有限公司
459,600568,中珠医疗,中珠医疗控股股份有限公司
460,600569,安阳钢铁,安阳钢铁股份有限公司
461,600570,恒生电子,恒生电子股份有限公司
462,600571,信雅达,信雅达系统工程股份有限公司
463,600572,康恩贝,浙江康恩贝制药股份有限公司
464,600573,惠泉啤酒,福建省燕京惠泉啤酒股份有限公司
465,600575,皖江物流,安徽皖江物流（集团）股份有限公司
466,600576,万家文化,浙江万好万家文化股份有限公司
467,600577,精达股份,铜陵精达特种电磁线股份有限公司
468,600578,京能电力,北京京能电力股份有限公司
469,600579,天华院,青岛天华院化学工程股份有限公司
470,600580,卧龙电气,卧龙电气集团股份有限公司
471,600581,*ST八钢,新疆八一钢铁股份有限公司
472,600582,天地科技,天地科技股份有限公司
473,600583,海油工程,海洋石油工程股份有限公司
474,600584,长电科技,江苏长电科技股份有限公司
475,600585,海螺水泥,安徽海螺水泥股份有限公司
476,600586,金晶科技,山东金晶科技股份有限公司
477,600587,新华医疗,山东新华医疗器械股份有限公司
478,600588,用友网络,用友网络科技股份有限公司
479,600589,广东榕泰,广东榕泰实业股份有限公司
480,600590,泰豪科技,泰豪科技股份有限公司
481,600592,龙溪股份,福建龙溪轴承（集团）股份有限公司
482,600593,大连圣亚,大连圣亚旅游控股股份有限公司
483,600594,益佰制药,贵州益佰制药股份有限公司
484,600595,中孚实业,河南中孚实业股份有限公司
485,600596,新安股份,浙江新安化工集团股份有限公司
486,600597,光明乳业,光明乳业股份有限公司
487,600598,北大荒,黑龙江北大荒农业股份有限公司
488,600599,熊猫金控,熊猫金控股份有限公司
489,600600,青岛啤酒,青岛啤酒股份有限公司
490,600601,方正科技,方正科技集团股份有限公司
491,600602,云赛智联,云赛智联股份有限公司
492,600603,*ST兴业,大洲兴业控股股份有限公司
493,600604,市北高新,上海市北高新股份有限公司
494,600605,汇通能源,上海汇通能源股份有限公司
495,600606,绿地控股,绿地控股集团股份有限公司
496,600608,上海科技,上海宽频科技股份有限公司
497,600609,金杯汽车,金杯汽车股份有限公司
498,600610,中毅达,上海中毅达股份有限公司
499,600611,大众交通,大众交通（集团）股份有限公司
500,600612,老凤祥,老凤祥股份有限公司
501,600613,神奇制药,上海神奇制药投资管理股份有限公司
502,600614,鹏起科技,鹏起科技发展股份有限公司
503,600615,丰华股份,上海丰华（集团）股份有限公司
504,600616,金枫酒业,上海金枫酒业股份有限公司
505,600617,国新能源,山西省国新能源股份有限公司
506,600618,氯碱化工,上海氯碱化工股份有限公司
507,600619,海立股份,上海海立（集团）股份有限公司
508,600620,天宸股份,上海市天宸股份有限公司
509,600621,华鑫股份,上海华鑫股份有限公司
510,600622,嘉宝集团,上海嘉宝实业（集团）股份有限公司
511,600623,华谊集团,上海华谊集团股份有限公司
512,600624,复旦复华,上海复旦复华科技股份有限公司
513,600626,申达股份,上海申达股份有限公司
514,600628,新世界,上海新世界股份有限公司
515,600629,华建集团,华东建筑集团股份有限公司
516,600630,龙头股份,上海龙头（集团）股份有限公司
517,600633,浙报传媒,浙报传媒集团股份有限公司
518,600634,中技控股,上海中技投资控股股份有限公司
519,600635,大众公用,上海大众公用事业（集团）股份有限公司
520,600636,三爱富,上海三爱富新材料股份有限公司
521,600637,东方明珠,上海东方明珠新媒体股份有限公司
522,600638,新黄浦,上海新黄浦置业股份有限公司
523,600639,浦东金桥,上海金桥出口加工区开发股份有限公司
524,600640,号百控股,号百控股股份有限公司
525,600641,万业企业,上海万业企业股份有限公司
526,600642,申能股份,申能股份有限公司
527,600643,爱建集团,上海爱建集团股份有限公司
528,600644,乐山电力,乐山电力股份有限公司
529,600645,中源协和,中源协和细胞基因工程股份有限公司
530,600647,同达创业,上海同达创业投资股份有限公司
531,600648,外高桥,上海外高桥集团股份有限公司
532,600649,城投控股,上海城投控股股份有限公司
533,600650,锦江投资,上海锦江国际实业投资股份有限公司
534,600651,飞乐音响,上海飞乐音响股份有限公司
535,600652,游久游戏,上海游久游戏股份有限公司
536,600653,申华控股,上海申华控股股份有限公司
537,600654,中安消,中安消股份有限公司
538,600655,豫园商城,上海豫园旅游商城股份有限公司
539,600657,信达地产,信达地产股份有限公司
540,600658,电子城,北京电子城投资开发股份有限公司
541,600660,福耀玻璃,福耀玻璃工业集团股份有限公司
542,600661,新南洋,上海新南洋股份有限公司
543,600662,强生控股,上海强生控股股份有限公司
544,600663,陆家嘴,上海陆家嘴金融贸易区开发股份有限公司
545,600664,哈药股份,哈药集团股份有限公司
546,600665,天地源,天地源股份有限公司
547,600666,奥瑞德,奥瑞德光电股份有限公司
548,600667,太极实业,无锡市太极实业股份有限公司
549,600668,尖峰集团,浙江尖峰集团股份有限公司
550,600671,天目药业,杭州天目山药业股份有限公司
551,600673,东阳光科,广东东阳光科技控股股份有限公司
552,600674,川投能源,四川川投能源股份有限公司
553,600675,*ST中企,中华企业股份有限公司
554,600676,交运股份,上海交运集团股份有限公司
555,600677,航天通信,航天通信控股集团股份有限公司
556,600678,四川金顶,四川金顶（集团）股份有限公司
557,600679,上海凤凰,上海凤凰企业（集团）股份有限公司
558,600680,上海普天,上海普天邮通科技股份有限公司
559,600681,百川能源,百川能源股份有限公司
560,600682,南京新百,南京新街口百货商店股份有限公司
561,600683,京投发展,京投发展股份有限公司
562,600684,珠江实业,广州珠江实业开发股份有限公司
563,600685,中船防务,中船海洋与防务装备股份有限公司
564,600686,金龙汽车,厦门金龙汽车集团股份有限公司
565,600687,刚泰控股,甘肃刚泰控股（集团）股份有限公司
566,600688,上海石化,中国石化上海石油化工股份有限公司
567,600689,上海三毛,上海三毛企业（集团）股份有限公司
568,600690,青岛海尔,青岛海尔股份有限公司
569,600691,阳煤化工,阳煤化工股份有限公司
570,600692,亚通股份,上海亚通股份有限公司
571,600693,东百集团,福建东百集团股份有限公司
572,600694,大商股份,大商股份有限公司
573,600695,绿庭投资,上海绿庭投资控股集团股份有限公司
574,600696,匹凸匹,匹凸匹金融信息服务（上海）股份有限公司
575,600697,欧亚集团,长春欧亚集团股份有限公司
576,600698,湖南天雁,湖南天雁机械股份有限公司
577,600699,均胜电子,宁波均胜电子股份有限公司
578,600701,工大高新,哈尔滨工大高新技术产业开发股份有限公司
579,600702,沱牌舍得,四川沱牌舍得酒业股份有限公司
580,600703,三安光电,三安光电股份有限公司
581,600704,物产中大,物产中大集团股份有限公司
582,600705,中航资本,中航资本控股股份有限公司
583,600706,曲江文旅,西安曲江文化旅游股份有限公司
584,600707,彩虹股份,彩虹显示器件股份有限公司
585,600708,光明地产,光明房地产集团股份有限公司
586,600711,盛屯矿业,盛屯矿业集团股份有限公司
587,600712,南宁百货,南宁百货大楼股份有限公司
588,600713,南京医药,南京医药股份有限公司
589,600714,金瑞矿业,青海金瑞矿业发展股份有限公司
590,600715,文投控股,文投控股股份有限公司
591,600716,凤凰股份,江苏凤凰置业投资股份有限公司
592,600717,天津港,天津港股份有限公司
593,600718,东软集团,东软集团股份有限公司
594,600719,大连热电,大连热电股份有限公司
595,600720,祁连山,甘肃祁连山水泥集团股份有限公司
596,600721,*ST百花,新疆百花村股份有限公司
597,600722,金牛化工,河北金牛化工股份有限公司
598,600723,首商股份,北京首商集团股份有限公司
599,600724,宁波富达,宁波富达股份有限公司
600,600725,*ST云维,云南云维股份有限公司
601,600726,华电能源,华电能源股份有限公司
602,600727,鲁北化工,山东鲁北化工股份有限公司
603,600728,佳都科技,佳都新太科技股份有限公司
604,600729,重庆百货,重庆百货大楼股份有限公司
605,600730,中国高科,中国高科集团股份有限公司
606,600731,湖南海利,湖南海利化工股份有限公司
607,600733,S前锋,成都前锋电子股份有限公司
608,600734,实达集团,福建实达集团股份有限公司
609,600735,新华锦,山东新华锦国际股份有限公司
610,600736,苏州高新,苏州新区高新技术产业股份有限公司
611,600737,中粮糖业,中粮屯河糖业股份有限公司
612,600738,兰州民百,兰州民百（集团）股份有限公司
613,600739,辽宁成大,辽宁成大股份有限公司
614,600740,山西焦化,山西焦化股份有限公司
615,600741,华域汽车,华域汽车系统股份有限公司
616,600742,一汽富维,长春一汽富维汽车零部件股份有限公司
617,600743,华远地产,华远地产股份有限公司
618,600744,华银电力,大唐华银电力股份有限公司
619,600745,中茵股份,中茵股份有限公司
620,600746,江苏索普,江苏索普化工股份有限公司
621,600747,大连控股,大连大福控股股份有限公司
622,600748,上实发展,上海实业发展股份有限公司
623,600749,西藏旅游,西藏旅游股份有限公司
624,600750,江中药业,江中药业股份有限公司
625,600751,天海投资,天津天海投资发展股份有限公司
626,600753,东方银星,河南东方银星投资股份有限公司
627,600754,锦江股份,上海锦江国际酒店发展股份有限公司
628,600755,厦门国贸,厦门国贸集团股份有限公司
629,600756,浪潮软件,浪潮软件股份有限公司
630,600757,长江传媒,长江出版传媒股份有限公司
631,600758,红阳能源,辽宁红阳能源投资股份有限公司
632,600759,洲际油气,洲际油气股份有限公司
633,600760,*ST黑豹,中航黑豹股份有限公司
634,600761,安徽合力,安徽合力股份有限公司
635,600763,通策医疗,通策医疗投资股份有限公司
636,600764,中电广通,中电广通股份有限公司
637,600765,中航重机,中航重机股份有限公司
638,600766,园城黄金,烟台园城黄金股份有限公司
639,600767,运盛医疗,运盛（上海）医疗科技股份有限公司
640,600768,宁波富邦,宁波富邦精业集团股份有限公司
641,600769,祥龙电业,武汉祥龙电业股份有限公司
642,600770,综艺股份,江苏综艺股份有限公司
643,600771,广誉远,广誉远中药股份有限公司
644,600773,西藏城投,西藏城市发展投资股份有限公司
645,600774,汉商集团,武汉市汉商集团股份有限公司
646,600775,南京熊猫,南京熊猫电子股份有限公司
647,600776,东方通信,东方通信股份有限公司
648,600777,新潮能源,山东新潮能源股份有限公司
649,600778,友好集团,新疆友好（集团）股份有限公司
650,600779,水井坊,四川水井坊股份有限公司
651,600780,通宝能源,山西通宝能源股份有限公司
652,600781,辅仁药业,辅仁药业集团实业股份有限公司
653,600782,新钢股份,新余钢铁股份有限公司
654,600783,鲁信创投,鲁信创业投资集团股份有限公司
655,600784,鲁银投资,鲁银投资集团股份有限公司
656,600785,新华百货,银川新华百货商业集团股份有限公司
657,600787,中储股份,中储发展股份有限公司
658,600789,鲁抗医药,山东鲁抗医药股份有限公司
659,600790,轻纺城,浙江中国轻纺城集团股份有限公司
660,600791,京能置业,京能置业股份有限公司
661,600792,云煤能源,云南煤业能源股份有限公司
662,600793,宜宾纸业,宜宾纸业股份有限公司
663,600794,保税科技,张家港保税科技股份有限公司
664,600795,国电电力,国电电力发展股份有限公司
665,600796,钱江生化,浙江钱江生物化学股份有限公司
666,600797,浙大网新,浙大网新科技股份有限公司
667,600798,宁波海运,宁波海运股份有限公司
668,600800,天津磁卡,天津环球磁卡股份有限公司
669,600801,华新水泥,华新水泥股份有限公司
670,600802,福建水泥,福建水泥股份有限公司
671,600803,新奥股份,新奥生态控股股份有限公司
672,600804,鹏博士,鹏博士电信传媒集团股份有限公司
673,600805,悦达投资,江苏悦达投资股份有限公司
674,600806,*ST昆机,沈机集团昆明机床股份有限公司
675,600807,天业股份,山东天业恒基股份有限公司
676,600808,马钢股份,马鞍山钢铁股份有限公司
677,600809,山西汾酒,山西杏花村汾酒厂股份有限公司
678,600810,神马股份,神马实业股份有限公司
679,600811,盛屯矿业,东方集团股份有限公司
680,600812,华北制药,华北制药股份有限公司
681,600814,杭州解百,杭州解百集团股份有限公司
682,600815,厦工股份,厦门厦工机械股份有限公司
683,600816,安信信托,安信信托股份有限公司
684,600817,宏盛科技,西安宏盛科技发展股份有限公司
685,600818,中路股份,中路股份有限公司
686,600819,耀皮玻璃,上海耀皮玻璃集团股份有限公司
687,600820,隧道股份,上海隧道工程股份有限公司
688,600821,津劝业,天津劝业场（集团）股份有限公司
689,600822,上海物贸,上海物资贸易股份有限公司
690,600823,世茂股份,上海世茂股份有限公司
691,600824,益民集团,上海益民商业集团股份有限公司
692,600825,新华传媒,上海新华传媒股份有限公司
693,600826,兰生股份,上海兰生股份有限公司
694,600827,百联股份,上海百联集团股份有限公司
695,600828,茂业商业,茂业商业股份有限公司
696,600829,人民同泰,哈药集团人民同泰医药股份有限公司
697,600830,香溢融通,香溢融通控股集团股份有限公司
698,600831,广电网络,陕西广电网络传媒（集团）股份有限公司
699,600833,第一医药,上海第一医药股份有限公司
700,600834,申通地铁,上海申通地铁股份有限公司
701,600835,上海机电,上海机电股份有限公司
702,600836,界龙实业,上海界龙实业集团股份有限公司
703,600837,海通证券,海通证券股份有限公司
704,600838,上海九百,上海九百股份有限公司
705,600839,四川长虹,四川长虹电器股份有限公司
706,600841,上柴股份,上海柴油机股份有限公司
707,600843,上工申贝,上工申贝（集团）股份有限公司
708,600844,丹化科技,丹化化工科技股份有限公司
709,600845,宝信软件,上海宝信软件股份有限公司
710,600846,同济科技,上海同济科技实业股份有限公司
711,600847,万里股份,重庆万里新能源股份有限公司
712,600848,上海临港,上海临港控股股份有限公司
713,600850,华东电脑,上海华东电脑股份有限公司
714,600851,海欣股份,上海海欣集团股份有限公司
715,600853,龙建股份,龙建路桥股份有限公司
716,600854,春兰股份,江苏春兰制冷设备股份有限公司
717,600855,航天长峰,北京航天长峰股份有限公司
718,600856,中天能源,长春中天能源股份有限公司
719,600857,宁波中百,宁波中百股份有限公司
720,600858,银座股份,银座集团股份有限公司
721,600859,王府井,王府井集团股份有限公司
722,600860,京城股份,北京京城机电股份有限公司
723,600861,北京城乡,北京城乡商业（集团）股份有限公司
724,600862,中航高科,中航航空高科技股份有限公司
725,600863,内蒙华电,内蒙古蒙电华能热电股份有限公司
726,600864,哈投股份,哈尔滨哈投投资股份有限公司
727,600865,百大集团,百大集团股份有限公司
728,600866,*ST星湖,广东肇庆星湖生物科技股份有限公司
729,600867,通化东宝,通化东宝药业股份有限公司
730,600868,梅雁吉祥,广东梅雁吉祥水电股份有限公司
731,600869,智慧能源,远东智慧能源股份有限公司
732,600870,厦华电子,厦门华侨电子股份有限公司
733,600871,石化油服,中石化石油工程技术服务股份有限公司
734,600872,中炬高新,中炬高新技术实业（集团）股份有限公司
735,600873,梅花生物,梅花生物科技集团股份有限公司
736,600874,创业环保,天津创业环保集团股份有限公司
737,600875,东方电气,东方电气股份有限公司
738,600876,洛阳玻璃,洛阳玻璃股份有限公司
739,600877,中国嘉陵,中国嘉陵工业股份有限公司（集团）
740,600879,航天电子,航天时代电子技术股份有限公司
741,600880,博瑞传播,成都博瑞传播股份有限公司
742,600881,亚泰集团,吉林亚泰（集团）股份有限公司
743,600882,广泽股份,上海广泽食品科技股份有限公司
744,600883,博闻科技,云南博闻科技实业股份有限公司
745,600884,杉杉股份,宁波杉杉股份有限公司
746,600885,宏发股份,宏发科技股份有限公司
747,600886,国投电力,国投电力控股股份有限公司
748,600887,伊利股份,内蒙古伊利实业集团股份有限公司
749,600888,新疆众和,新疆众和股份有限公司
750,600889,南京化纤,南京化纤股份有限公司
751,600890,中房股份,中房置业股份有限公司
752,600891,秋林集团,哈尔滨秋林集团股份有限公司
753,600892,大晟文化,大晟时代文化投资股份有限公司
754,600893,中航动力,中航动力股份有限公司
755,600894,广日股份,广州广日股份有限公司
756,600895,张江高科,上海张江高科技园区开发股份有限公司
757,600896,览海投资,览海医疗产业投资股份有限公司
758,600897,厦门空港,元翔（厦门）国际航空港股份有限公司
759,600898,三联商社,三联商社股份有限公司
760,600900,长江电力,中国长江电力股份有限公司
761,600908,无锡银行,无锡农村商业银行股份有限公司
762,600909,华安证券,华安证券股份有限公司
763,600917,重庆燃气,重庆燃气集团股份有限公司
764,600919,江苏银行,江苏银行股份有限公司
765,600926,杭州银行,杭州银行股份有限公司
766,600936,广西广电,广西广播电视信息网络股份有限公司
767,600939,重庆建工,重庆建工集团股份有限公司
768,600958,东方证券,东方证券股份有限公司
769,600959,江苏有线,江苏省广电有线信息网络股份有限公司
770,600960,渤海活塞,山东滨州渤海活塞股份有限公司
771,600961,株冶集团,株洲冶炼集团股份有限公司
772,600962,国投中鲁,国投中鲁果汁股份有限公司
773,600963,岳阳林纸,岳阳林纸股份有限公司
774,600965,福成股份,河北福成五丰食品股份有限公司
775,600966,博汇纸业,山东博汇纸业股份有限公司
776,600967,北方创业,包头北方创业股份有限公司
777,600969,郴电国际,湖南郴电国际发展股份有限公司
778,600970,中材国际,中国中材国际工程股份有限公司
779,600971,恒源煤电,安徽恒源煤电股份有限公司
780,600973,宝胜股份,宝胜科技创新股份有限公司
781,600975,新五丰,湖南新五丰股份有限公司
782,600976,健民集团,健民药业集团股份有限公司
783,600977,中国电影,中国电影股份有限公司
784,600978,宜华生活,宜华生活科技股份有限公司
785,600979,广安爱众,四川广安爱众股份有限公司
786,600980,北矿科技,北矿科技股份有限公司
787,600981,汇鸿集团,江苏汇鸿国际集团股份有限公司
788,600982,宁波热电,宁波热电股份有限公司
789,600983,惠而浦,惠而浦（中国）股份有限公司
790,600984,建设机械,陕西建设机械股份有限公司
791,600985,雷鸣科化,安徽雷鸣科化股份有限公司
792,600986,科达股份,科达集团股份有限公司
793,600987,航民股份,浙江航民股份有限公司
794,600988,赤峰黄金,赤峰吉隆黄金矿业股份有限公司
795,600990,四创电子,安徽四创电子股份有限公司
796,600992,贵绳股份,贵州钢绳股份有限公司
797,600993,马应龙,马应龙药业集团股份有限公司
798,600995,文山电力,云南文山电力股份有限公司
799,600996,贵广网络,贵州省广播电视信息网络股份有限公司
800,600997,开滦股份,开滦能源化工股份有限公司
801,600998,九州通,九州通医药集团股份有限公司
802,600999,招商证券,招商证券股份有限公司
803,601000,唐山港,唐山港集团股份有限公司
804,601001,大同煤业,大同煤业股份有限公司
805,601002,晋亿实业,晋亿实业股份有限公司
806,601003,柳钢股份,柳州钢铁股份有限公司
807,601005,重庆钢铁,重庆钢铁股份有限公司
808,601006,大秦铁路,大秦铁路股份有限公司
809,601007,金陵饭店,金陵饭店股份有限公司
810,601008,连云港,江苏连云港港口股份有限公司
811,601009,南京银行,南京银行股份有限公司
812,601110,文峰股份,文峰大世界连锁发展股份有限公司
813,601011,宝泰隆,宝泰隆新材料股份有限公司
814,601012,隆基股份,西安隆基硅材料股份有限公司
815,601015,陕西黑猫,陕西黑猫焦化股份有限公司
816,601016,节能风电,中节能风力发电股份有限公司
817,601018,宁波港,宁波舟山港股份有限公司
818,601020,华钰矿业,西藏华钰矿业股份有限公司
819,601021,春秋航空,春秋航空股份有限公司
820,601028,玉龙股份,江苏玉龙钢管股份有限公司
821,601038,一拖股份,第一拖拉机股份有限公司
822,601058,赛轮金宇,赛轮金宇集团股份有限公司
823,601069,西部黄金,西部黄金股份有限公司
824,601088,中国神华,中国神华能源股份有限公司
825,601098,中南传媒,中南出版传媒集团股份有限公司
826,601099,601099,太平洋证券股份有限公司
827,601100,恒立液压,江苏恒立液压股份有限公司
828,601101,昊华能源,北京昊华能源股份有限公司
829,601106,中国一重,中国第一重型机械股份公司
830,601107,四川成渝,四川成渝高速公路股份有限公司
831,601111,中国国航,中国国际航空股份有限公司
832,601113,华鼎股份,义乌华鼎锦纶股份有限公司
833,601116,三江购物,三江购物俱乐部股份有限公司
834,601117,中国化学,中国化学工程股份有限公司
835,601118,海南橡胶,海南天然橡胶产业集团股份有限公司
836,601126,四方股份,北京四方继保自动化股份有限公司
837,601127,小康股份,重庆小康工业集团股份有限公司
838,601128,常熟银行,江苏常熟农村商业银行股份有限公司
839,601137,博威合金,宁波博威合金材料股份有限公司
840,601139,深圳燃气,深圳市燃气集团股份有限公司
841,601155,新城控股,新城控股集团股份有限公司
842,601158,重庆水务,重庆水务集团股份有限公司
843,601163,三角轮胎,三角轮胎股份有限公司
844,601166,兴业银行,兴业银行股份有限公司
845,601168,西部矿业,西部矿业股份有限公司
846,601169,北京银行,北京银行股份有限公司
847,601177,杭齿前进,杭州前进齿轮箱集团股份有限公司
848,601179,中国西电,中国西电电气股份有限公司
849,601186,中国铁建,中国铁建股份有限公司
850,601188,龙江交通,黑龙江交通发展股份有限公司
851,601198,东兴证券,东兴证券股份有限公司
852,601199,江南水务,江苏江南水务股份有限公司
853,601200,上海环境,上海环境集团股份有限公司
854,601206,海尔施,海尔施生物医药股份有限公司
855,601208,东材科技,四川东材科技集团股份有限公司
856,601211,国泰君安,国泰君安证券股份有限公司
857,601212,白银有色,白银有色集团股份有限公司
858,601216,君正集团,内蒙古君正能源化工集团股份有限公司
859,601218,吉鑫科技,江苏吉鑫风能科技股份有限公司
860,601222,林洋能源,江苏林洋能源股份有限公司
861,601225,陕西煤业,陕西煤业股份有限公司
862,601226,华电重工,华电重工股份有限公司
863,601228,广州港,广州港股份有限公司
864,601229,上海银行,上海银行股份有限公司
865,601231,环旭电子,环旭电子股份有限公司
866,601233,桐昆股份,桐昆集团股份有限公司
867,601238,广汽集团,广州汽车集团股份有限公司
868,601258,庞大集团,庞大汽贸集团股份有限公司
869,601288,农业银行,中国农业银行股份有限公司
870,601311,骆驼股份,骆驼集团股份有限公司
871,601313,江南嘉捷,江南嘉捷电梯股份有限公司
872,601318,中国平安,中国平安保险（集团）股份有限公司
873,601326,秦港股份,秦皇岛港股份有限公司
874,601328,交通银行,交通银行股份有限公司
875,601333,广深铁路,广深铁路股份有限公司
876,601336,新华保险,新华人寿保险股份有限公司
877,601339,百隆东方,百隆东方股份有限公司
878,601368,绿城水务,广西绿城水务股份有限公司
879,601369,陕鼓动力,西安陕鼓动力股份有限公司
880,601375,中原证券,中原证券股份有限公司
881,601377,兴业证券,兴业证券股份有限公司
882,601388,怡球资源,怡球金属资源再生（中国）股份有限公司
883,601390,中国中铁,中国中铁股份有限公司
884,601398,工商银行,中国工商银行股份有限公司
885,601500,通用股份,江苏通用科技股份有限公司
886,601515,东风股份,汕头东风印刷股份有限公司
887,601518,吉林高速,吉林高速公路股份有限公司
888,601519,大智慧,上海大智慧股份有限公司
889,601555,东吴证券,东吴证券股份有限公司
890,601558,华锐风电,华锐风电科技（集团）股份有限公司
891,601566,九牧王,九牧王股份有限公司
892,601567,三星医疗,宁波三星医疗电气股份有限公司
893,601579,会稽山,会稽山绍兴酒股份有限公司
894,601588,北辰实业,北京北辰实业股份有限公司
895,601595,上海电影,上海电影股份有限公司
896,601599,鹿港文化,江苏鹿港文化股份有限公司
897,601600,中国铝业,中国铝业股份有限公司
898,601601,中国太保,中国太平洋保险（集团）股份有限公司
899,601607                            （原代码600849）,上海医药,上海医药集团股份有限公司
900,601608,中信重工,中信重工机械股份有限公司
901,601611,中国核建,中国核工业建设股份有限公司
902,601616,广电电气,上海广电电气（集团）股份有限公司
903,601618,中国中冶,中国冶金科工股份有限公司
904,603619,嘉泽新能,宁夏嘉泽新能源股份有限公司
905,601628,中国人寿,中国人寿保险股份有限公司
906,601633,长城汽车,长城汽车股份有限公司
907,601636,旗滨集团,株洲旗滨集团股份有限公司
908,601666,平煤股份,平顶山天安煤业股份有限公司
909,601668,中国建筑,中国建筑股份有限公司
910,601669,中国电建,中国电力建设股份有限公司
911,601677,明泰铝业,河南明泰铝业股份有限公司
912,601678,滨化股份,滨化集团股份有限公司
913,601688,华泰证券,华泰证券股份有限公司
914,601689,拓普集团,宁波拓普集团股份有限公司
915,601699,潞安环能,山西潞安环保能源开发股份有限公司
916,601700,风范股份,常熟风范电力设备股份有限公司
917,601717,郑煤机,郑州煤矿机械集团股份有限公司
918,601718,际华集团,际华集团股份有限公司
919,601727,上海电气,上海电气集团股份有限公司
920,601766,中国中车,中国中车股份有限公司
921,601777,力帆股份,力帆实业（集团）股份有限公司
922,601788,光大证券,光大证券股份有限公司
923,601789,宁波建工,宁波建工股份有限公司
924,601798,蓝科高新,甘肃蓝科石化高新装备股份有限公司
925,601799,星宇股份,常州星宇车灯股份有限公司
926,601800,中国交建,中国交通建设股份有限公司
927,601801,皖新传媒,安徽新华传媒股份有限公司
928,601808,中海油服,中海油田服务股份有限公司
929,601811,新华文轩,新华文轩出版传媒股份有限公司
930,601818,光大银行,中国光大银行股份有限公司
931,601857,中国石油,中国石油天然气股份有限公司
932,601858,中国科传,中国科技出版传媒股份有限公司
933,601866,中远海发,中远海运发展股份有限公司
934,601872,招商轮船,招商局能源运输股份有限公司
935,601877,正泰电器,浙江正泰电器股份有限公司
936,601878,浙商证券,浙商证券股份有限公司
937,601880,大连港,大连港股份有限公司
938,601881,中国银河,中国银河证券股份有限公司
939,601882,海天精工,宁波海天精工股份有限公司
940,601886,江河集团,江河创建集团股份有限公司
941,601888,中国国旅,中国国旅股份有限公司
942,601890,亚星锚链,江苏亚星锚链股份有限公司
943,601898,中煤能源,中国中煤能源股份有限公司
944,601899,紫金矿业,紫金矿业集团股份有限公司
945,601900,南方传媒,南方出版传媒股份有限公司
946,601901,方正证券,方正证券股份有限公司
947,601908,京运通,北京京运通科技股份有限公司
948,601918,*ST新集,国投新集能源股份有限公司
949,601919,中远海控,中远海运控股股份有限公司
950,601928,凤凰传媒,江苏凤凰出版传媒股份有限公司
951,601929,吉视传媒,吉视传媒股份有限公司
952,601933,永辉超市,永辉超市股份有限公司
953,601939,建设银行,中国建设银行股份有限公司
954,601949,中国出版,中国出版传媒股份有限公司
955,601958,金钼股份,金堆城钼业股份有限公司
956,601965,中国汽研,中国汽车工程研究院股份有限公司
957,601966,玲珑轮胎,山东玲珑轮胎股份有限公司
958,601968,宝钢包装,上海宝钢包装股份有限公司
959,601969,海南矿业,海南矿业股份有限公司
960,601985,中国核电,中国核能电力股份有限公司
961,601988,中国银行,中国银行股份有限公司
962,601989,中国重工,中国船舶重工股份有限公司
963,601991,大唐发电,大唐国际发电股份有限公司
964,601992,金隅股份,北京金隅股份有限公司
965,601996,丰林集团,广西丰林木业集团股份有限公司
966,601997,贵阳银行,贵阳银行股份有限公司
967,601998,中信银行,中信银行股份有限公司
968,601999,出版传媒,北方联合出版传媒（集团）股份有限公司
969,603000,人民网,人民网股份有限公司
970,603001,奥康国际,浙江奥康鞋业股份有限公司
971,603002,宏昌电子,宏昌电子材料股份有限公司
972,603003,龙宇燃油,上海龙宇燃油股份有限公司
973,603005,晶方科技,苏州晶方半导体科技股份有限公司
974,603006,联明股份,上海联明机械股份有限公司
975,603007,花王股份,花王生态工程股份有限公司
976,603008,喜临门,喜临门家具股份有限公司
977,603009,北特科技,上海北特科技股份有限公司
978,603010,万盛股份,浙江万盛股份有限公司
979,603011,合锻智能,合肥合锻智能制造股份有限公司
980,603012,创力集团,上海创力集团股份有限公司
981,603015,弘讯科技,宁波弘讯科技股份有限公司
982,603016,新宏泰,无锡新宏泰电器科技股份有限公司
983,603017,中衡设计,中衡设计集团股份有限公司
984,603018,中设集团,中设设计集团股份有限公司
985,603019,中科曙光,曙光信息产业股份有限公司
986,603020,爱普股份,爱普香料集团股份有限公司
987,603021,山东华鹏,山东华鹏玻璃股份有限公司
988,603022,新通联,上海新通联包装股份有限公司
989,603023,威帝股份,哈尔滨威帝电子股份有限公司
990,603025,大豪科技,北京大豪科技股份有限公司
991,603026,石大胜华,山东石大胜华化工集团股份有限公司
992,603027,千禾味业,千禾味业食品股份有限公司
993,603028,赛福天,江苏赛福天钢索股份有限公司
994,603029,天鹅股份,山东天鹅棉业机械股份有限公司
995,603030,全筑股份,上海全筑建筑装饰集团股份有限公司
996,603031,安德利,安徽安德利百货股份有限公司
997,603032,德新交运,德力西新疆交通运输集团股份有限公司
998,603033,三维股份,浙江三维橡胶制品股份有限公司
999,603035,常熟汽饰,常熟市汽车饰件股份有限公司
1000,603036,如通股份,江苏如通石油机械股份有限公司
1001,603037,凯众股份,上海凯众材料科技股份有限公司
1002,603038,华立股份,东莞市华立实业股份有限公司
1003,603039,泛微网络,上海泛微网络科技股份有限公司
1004,603040,新坐标,杭州新坐标科技股份有限公司
1005,603041,美思德,江苏美思德化学股份有限公司
1006,603042,华脉科技,南京华脉科技股份有限公司
1007,603043,广州酒家,广州酒家集团股份有限公司
1008,603050,科林电气,石家庄科林电气股份有限公司
1009,603058,永吉股份,贵州永吉印务股份有限公司
1010,603060,国检集团,中国建材检验认证集团股份有限公司
1011,603063,禾望电气,深圳市禾望电气股份有限公司
1012,603066,音飞储存,南京音飞储存设备股份有限公司
1013,603067,振华股份,湖北振华化学股份有限公司
1014,603069,海汽集团,海南海汽运输集团股份有限公司
1015,603077,和邦生物,四川和邦生物科技股份有限公司
1016,603078,江化微,江阴江化微电子材料股份有限公司
1017,603081,大丰实业,浙江大丰实业股份有限公司
1018,603085,天成自控,浙江天成自控股份有限公司
1019,603086,先达股份,山东先达农化股份有限公司
1020,603088,宁波精达,宁波精达成形装备股份有限公司
1021,603089,正裕工业,浙江正裕工业股份有限公司
1022,603090,宏盛股份,无锡宏盛换热器制造股份有限公司
1023,603096,新经典,新经典文化股份有限公司
1024,603098,森特股份,森特士兴集团股份有限公司
1025,603099,长白山,长白山旅游股份有限公司
1026,603100,川仪股份,重庆川仪自动化股份有限公司
1027,603101,汇嘉时代,新疆汇嘉时代百货股份有限公司
1028,603108,润达医疗,上海润达医疗科技股份有限公司
1029,603111,康尼机电,南京康尼机电股份有限公司
1030,603113,金能科技,金能科技股份有限公司
1031,603116,红蜻蜓,浙江红蜻蜓鞋业股份有限公司
1032,603117,万林股份,江苏万林现代物流股份有限公司
1033,603118,共进股份,深圳市共进电子股份有限公司
1034,603123,翠微股份,北京翠微大厦股份有限公司
1035,603126,中材节能,中材节能股份有限公司
1036,603128,华贸物流,港中旅华贸国际物流股份有限公司
1037,603129,春风动力,浙江春风动力股份有限公司
1038,603131,上海沪工,上海沪工焊接集团股份有限公司
1039,603133,碳元科技,碳元科技股份有限公司
1040,603138,海量数据,北京海量数据技术股份有限公司
1041,603139,康惠制药,陕西康惠制药股份有限公司
1042,603158,腾龙股份,常州腾龙汽车零部件股份有限公司
1043,603159,上海亚虹,上海亚虹模具股份有限公司
1044,603160,汇顶科技,深圳市汇顶科技股份有限公司
1045,603165,荣晟环保,浙江荣晟环保纸业股份有限公司
1046,603166,福达股份,桂林福达股份有限公司
1047,603167,渤海轮渡,渤海轮渡股份有限公司
1048,603168,莎普爱思,浙江莎普爱思药业股份有限公司
1049,603169,兰石重装,兰州兰石重型装备股份有限公司
1050,603177,德创环保,浙江德创环保科技股份有限公司
1051,603178,圣龙股份,宁波圣龙汽车动力系统股份有限公司
1052,603178,圣龙股份,宁波圣龙汽车动力系统股份有限公司
1053,603179,新泉股份,江苏新泉汽车饰件股份有限公司
1054,603180,金牌厨柜,厦门金牌厨柜股份有限公司
1055,603186,华正新材,浙江华正新材料股份有限公司
1056,603188,亚邦股份,江苏亚邦染料股份有限公司
1057,603189,网达软件,上海网达软件股份有限公司
1058,603196,日播时尚,日播时尚集团股份有限公司
1059,603197,保隆科技,上海保隆汽车科技股份有限公司
1060,603198,迎驾贡酒,安徽迎驾贡酒股份有限公司
1061,603199,九华旅游,安徽九华山旅游发展股份有限公司
1062,603200,上海洗霸,上海洗霸科技股份有限公司
1063,603203,快克股份,常州快克锡焊股份有限公司
1064,603208,江山欧派,江山欧派门业股份有限公司
1065,603218,日月股份,日月重工股份有限公司
1066,603222,济民制药,浙江济民制药股份有限公司
1067,603223,恒通股份,恒通物流股份有限公司
1068,603225,新凤鸣,新凤鸣集团股份有限公司
1069,603226,菲林格尔,上海菲林格尔木业股份有限公司
1070,603227,雪峰科技,新疆雪峰科技（集团）股份有限公司
1071,603228,景旺电子,深圳市景旺电子股份有限公司
1072,603229,奥翔药业,浙江奥翔药业股份有限公司
1073,603232,格尔软件,上海格尔软件股份有限公司
1074,603233,大参林,大参林医药集团股份有限公司
1075,603238,诺邦股份,杭州诺邦无纺股份有限公司
1076,603239,浙江仙通,浙江仙通橡塑股份有限公司
1077,603258,电魂网络,杭州电魂网络科技股份有限公司
1078,603266,天龙股份,宁波天龙电子股份有限公司
1079,603268,松发股份,广东松发陶瓷股份有限公司
1080,603269,海鸥股份,江苏海鸥冷却塔股份有限公司
1081,603286,日盈电子,江苏日盈电子股份有限公司
1082,603288,海天味业,佛山市海天调味食品股份有限公司
1083,603298,杭叉集团,杭叉集团股份有限公司
1084,603299,井神股份,江苏井神盐化股份有限公司
1085,603300,华铁科技,浙江华铁建筑安全科技股份有限公司
1086,603303,得邦照明,横店集团得邦照明股份有限公司
1087,603305,旭升股份,宁波旭升汽车技术股份有限公司
1088,603306,华懋科技,华懋（厦门）新材料科技股份有限公司
1089,603308,应流股份,安徽应流机电股份有限公司
1090,603309,维力医疗,广州维力医疗器械股份有限公司
1091,603311,金海环境,浙江金海环境技术股份有限公司
1092,603313,梦百合,江苏恒康家居科技股份有限公司
1093,603316,诚邦股份,浙江诚邦园林股份有限公司
1094,603318,派思股份,大连派思燃气系统股份有限公司
1095,603319,湘油泵,湖南机油泵股份有限公司
1096,603322,超讯通信,广东超讯通信技术股份有限公司
1097,603323,吴江银行,江苏吴江农村商业银行股份有限公司
1098,603326,我乐家居,南京我乐家居股份有限公司
1099,603328,依顿电子,广东依顿电子科技股份有限公司
1100,603330,上海天洋,上海天洋热熔粘接材料股份有限公司
1101,603331,百达精工,浙江百达精工股份有限公司
1102,603333,明星电缆,四川明星电缆股份有限公司
1103,603335,迪生力,广东迪生力汽配股份有限公司
1104,603336,宏辉果蔬,宏辉果蔬股份有限公司
1105,603337,杰克股份,杰克缝纫机股份有限公司
1106,603338,浙江鼎力,浙江鼎力机械股份有限公司
1107,603339,四方冷链,南通四方冷链装备股份有限公司
1108,603345,安井食品,福建安井食品股份有限公司
1109,603355,莱克电气,莱克电气股份有限公司
1110,603357,设计总院,安徽省交通规划设计研究总院股份有限公司
1111,603358,华达科技,华达汽车科技股份有限公司
1112,603360,百傲化学,大连百傲化学股份有限公司
1113,603366,日出东方,日出东方太阳能股份有限公司
1114,603368,柳州医药,广西柳州医药股份有限公司
1115,603369,今世缘,江苏今世缘酒业股份有限公司
1116,603377,东方时尚,东方时尚驾驶学校股份有限公司
1117,603380,易德龙,苏州易德龙科技股份有限公司
1118,603383,顶点软件,福建顶点软件股份有限公司
1119,603385,惠达卫浴,惠达卫浴股份有限公司
1120,603387,基蛋生物,基蛋生物科技股份有限公司
1121,603389,亚振家居,亚振家具股份有限公司
1122,603393,新天然气,新疆鑫泰天然气股份有限公司
1123,603398,邦宝益智,广东邦宝益智玩具股份有限公司
1124,603399,新华龙,锦州新华龙钼业股份有限公司
1125,603416,信捷电气,无锡信捷电气股份有限公司
1126,603421,鼎信通讯,青岛鼎信通讯股份有限公司
1127,603429,集友股份,安徽集友新材料股份有限公司
1128,603444,吉比特,厦门吉比特网络技术股份有限公司
1129,603456,九洲药业,浙江九洲药业股份有限公司
1130,603458,勘设股份,贵州省交通规划勘察设计研究院股份有限公司
1131,603488,展鹏科技,展鹏科技股份有限公司
1132,603496,恒为科技,恒为科技（上海）股份有限公司
1133,603501,韦尔股份,上海韦尔半导体股份有限公司
1134,603505,金石资源,金石资源集团股份有限公司
1135,603508,思维列控,河南思维自动化设备股份有限公司
1136,603515,欧普照明,欧普照明股份有限公司
1137,603517,绝味食品,绝味食品股份有限公司
1138,603518,维格娜丝,维格娜丝时装股份有限公司
1139,603519,立霸股份,江苏立霸实业股份有限公司
1140,603520,司太立,浙江司太立制药股份有限公司
1141,603528,多伦科技,南京多伦科技股份有限公司
1142,603535,嘉诚国际,广州市嘉诚国际物流股份有限公司
1143,603536,惠发股份,山东惠发食品股份有限公司
1144,603538,美诺华,宁波美诺华药业股份有限公司
1145,603555,贵人鸟,贵人鸟股份有限公司
1146,603556,海兴电力,杭州海兴电力科技股份有限公司
1147,603557,起步股份,起步股份有限公司
1148,603558,健盛集团,浙江健盛集团股份有限公司
1149,603559,中通国脉,中通国脉通信股份有限公司
1150,603566,普莱柯,普莱柯生物工程股份有限公司
1151,603567,珍宝岛,黑龙江珍宝岛药业股份有限公司
1152,603568,伟明环保,浙江伟明环保股份有限公司
1153,603569,长久物流,北京长久物流股份有限公司
1154,603577,汇金通,青岛汇金通电力设备股份有限公司
1155,603578,三星新材,浙江三星新材股份有限公司
1156,603579,荣泰健康,上海荣泰健康科技股份有限公司
1157,603580,艾艾精工,艾艾精密工业输送系统（上海）股份有限公司
1158,603585,苏利股份,江苏苏利精细化工股份有限公司
1159,603586,金麒麟,山东金麒麟股份有限公司
1160,603588,高能环境,北京高能时代环境技术股份有限公司
1161,603589,口子窖,安徽口子酒业股份有限公司
1162,603595,东尼电子,浙江东尼电子股份有限公司
1163,603598,引力传媒,引力传媒股份有限公司
1164,603599,广信股份,安徽广信农化股份有限公司
1165,603600,永艺股份,永艺家具股份有限公司
1166,603601,再升科技,重庆再升科技股份有限公司
1167,603602,纵横通信,杭州纵横通信股份有限公司
1168,603603,博天环境,博天环境集团股份有限公司
1169,603606,东方电缆,宁波东方电缆股份有限公司
1170,603609,禾丰牧业,辽宁禾丰牧业股份有限公司
1171,603611,诺力股份,诺力机械股份有限公司
1172,603612,索通发展,索通发展股份有限公司
1173,603615,茶花股份,茶花现代家居用品股份有限公司
1174,603616,韩建河山,北京韩建河山管业股份有限公司
1175,603617,君禾股份,君禾泵业股份有限公司
1176,603618,杭电股份,杭州电缆股份有限公司
1177,603619,中曼石油,中曼石油天然气集团股份有限公司
1178,603626,科森科技,昆山科森科技股份有限公司
1179,603628,清源股份,清源科技（厦门）股份有限公司
1180,603630,拉芳家化,拉芳家化股份有限公司
1181,603633,徕木电子,上海徕木电子股份有限公司
1182,603636,南威软件,南威软件股份有限公司
1183,603637,镇海股份,镇海石化工程股份有限公司
1184,603638,艾迪精密,烟台艾迪精密机械股份有限公司
1185,603639,海利尔,海利尔药业集团股份有限公司
1186,603656,泰禾光电,合肥泰禾光电科技股份有限公司
1187,603658,安图生物,郑州安图生物工程股份有限公司
1188,603660,苏州科达,苏州科达科技股份有限公司
1189,603663,三祥新材,三祥新材股份有限公司
1190,603665,康隆达,浙江康隆达特种防护科技股份有限公司
1191,603667,五洲新春,浙江五洲新春集团股份有限公司
1192,603668,天马科技,福建天马科技集团股份有限公司
1193,603669,灵康药业,灵康药业集团股份有限公司
1194,603676,卫信康,西藏卫信康医药股份有限公司
1195,603677,奇精机械,奇精机械股份有限公司
1196,603678,火炬电子,福建火炬电子科技股份有限公司
1197,603679,华体科技,四川华体照明科技股份有限公司
1198,603686,龙马环卫,福建龙马环卫装备股份有限公司
1199,603688,石英股份,江苏太平洋石英股份有限公司
1200,603689,皖天然气,安徽省天然气开发股份有限公司
1201,603690,至纯科技,上海至纯洁净系统科技股份有限公司
1202,603696,安记食品,安记食品股份有限公司
1203,603698,航天工程,航天长征化学工程股份有限公司
1204,603699,纽威股份,苏州纽威阀门股份有限公司
1205,603701,德宏股份,浙江德宏汽车电子电器股份有限公司
1206,603703,盛洋科技,浙江盛洋科技股份有限公司
1207,603707,健友股份,南京健友生化制药股份有限公司
1208,603708,家家悦,家家悦集团股份有限公司
1209,603716,塞力斯,武汉塞力斯医疗科技股份有限公司
1210,603717,天域生态,天域生态园林股份有限公司
1211,603718,海利生物,上海海利生物技术股份有限公司
1212,603721,中广天择,中广天择传媒股份有限公司
1213,603726,朗迪集团,浙江朗迪集团股份有限公司
1214,603727,博迈科,博迈科海洋工程股份有限公司
1215,603728,鸣志电器,上海鸣志电器股份有限公司
1216,603729,龙韵股份,上海龙韵广告传播股份有限公司
1217,603730,岱美股份,上海岱美汽车内饰件股份有限公司
1218,603737,三棵树,三棵树涂料股份有限公司
1219,603738,泰晶科技,湖北泰晶电子科技股份有限公司
1220,603757,大元泵业,浙江大元泵业股份有限公司
1221,603766,隆鑫通用,隆鑫通用动力股份有限公司
1222,603767,中马传动,浙江中马传动股份有限公司
1223,603768,常青股份,合肥常青机械股份有限公司
1224,603776,永安行,常州永安公共自行车系统股份有限公司
1225,603777,来伊份,上海来伊份股份有限公司
1226,603778,乾景园林,北京乾景园林股份有限公司
1227,603779,威龙股份,威龙葡萄酒股份有限公司
1228,603787,新日股份,江苏新日电动车股份有限公司
1229,603788,宁波高发,宁波高发汽车控制系统股份有限公司
1230,603789,星光农机,星光农机股份有限公司
1231,603797,联泰环保,广东联泰环保股份有限公司
1232,603798,康普顿,青岛康普顿科技股份有限公司
1233,603799,华友钴业,浙江华友钴业股份有限公司
1234,603800,道森股份,苏州道森钻采设备股份有限公司
1235,603801,志邦股份,志邦厨柜股份有限公司
1236,603806,福斯特,杭州福斯特光伏材料股份有限公司
1237,603808,歌力思,深圳歌力思服饰股份有限公司
1238,603811,诚意药业,浙江诚意药业股份有限公司
1239,603816,顾家家居,顾家家居股份有限公司
1240,603817,海峡环保,福建海峡环保集团股份有限公司
1241,603818,曲美家居,曲美家居集团股份有限公司
1242,603819,神力股份,常州神力电机股份有限公司
1243,603822,嘉澳环保,浙江嘉澳环保科技股份有限公司
1244,603823,百合花,百合花集团股份有限公司
1245,603825,华扬联众,华扬联众数字技术股份有限公司
1246,603826,坤彩科技,福建坤彩材料科技股份有限公司
1247,603828,柯利达,苏州柯利达装饰股份有限公司
1248,603833,欧派家居,欧派家居集团股份有限公司
1249,603838,四通股份,广东四通集团股份有限公司
1250,603839,安正时尚,安正时尚集团股份有限公司
1251,603843,正平股份,正平路桥建设股份有限公司
1252,603855,华荣股份,华荣科技股份有限公司
1253,603858,步长制药,山东步长制药股份有限公司
1254,603859,能科股份,能科节能技术股份有限公司
1255,603860,中公高科,中公高科养护科技股份有限公司
1256,603861,白云电器,广州白云电器设备股份有限公司
1257,603866,桃李面包,沈阳桃李面包股份有限公司
1258,603868,飞科电器,上海飞科电器股份有限公司
1259,603869,北部湾旅,北部湾旅游股份有限公司
1260,603877,太平鸟,宁波太平鸟时尚服饰股份有限公司
1261,603878,武进不锈,江苏武进不锈股份有限公司
1262,603879,永悦科技,永悦科技股份有限公司
1263,603880,南卫股份,江苏南方卫材医药股份有限公司
1264,603881,数据港,上海数据港股份有限公司
1265,603883,603883,老百姓大药房连锁股份有限公司
1266,603885,吉祥航空,上海吉祥航空股份有限公司
1267,603886,元祖股份,上海元祖梦果子股份有限公司
1268,603887,城地股份,上海城地建设股份有限公司
1269,603888,新华网,新华网股份有限公司
1270,603889,新澳股份,浙江新澳纺织股份有限公司
1271,603896,寿仙谷,浙江寿仙谷医药股份有限公司
1272,603898,好莱客,广州好莱客创意家居股份有限公司
1273,603899,晨光文具,上海晨光文具股份有限公司
1274,603900,通灵珠宝,通灵珠宝股份有限公司
1275,603901,永创智能,杭州永创智能设备股份有限公司
1276,603903,中持水务,中持水务股份有限公司
1277,603906,龙蟠科技,江苏龙蟠科技股份有限公司
1278,603908,牧高笛,牧高笛户外用品股份有限公司
1279,603909,合诚股份,合诚工程咨询集团股份有限公司
1280,603918,金桥信息,上海金桥信息股份有限公司
1281,603919,金徽酒,金徽酒股份有限公司
1282,603920,世运电路,广东世运电路科技股份有限公司
1283,603926,铁流股份,浙江铁流离合器股份有限公司
1284,603928,兴业股份,苏州兴业材料科技股份有限公司
1285,603929,亚翔集成,亚翔系统集成科技（苏州）股份有限公司
1286,603933,睿能科技,福建睿能科技股份有限公司
1287,603936,博敏电子,博敏电子股份有限公司
1288,603938,三孚股份,唐山三孚硅业股份有限公司
1289,603939,益丰药房,益丰大药房连锁股份有限公司
1290,603955,大千生态,大千生态景观股份有限公司
1291,603958,哈森股份,哈森商贸（中国）股份有限公司
1292,603959,百利科技,湖南百利工程科技股份有限公司
1293,603960,克来机电,上海克来机电自动化工程股份有限公司
1294,603966,法兰泰克,法兰泰克重工股份有限公司
1295,603968,醋化股份,南通醋酸化工股份有限公司
1296,603969,银龙股份,天津银龙预应力材料股份有限公司
1297,603977,国泰集团,江西国泰民爆集团股份有限公司
1298,603978,深圳新星,深圳市新星轻合金材料股份有限公司
1299,603979,金诚信,金诚信矿业管理股份有限公司
1300,603980,吉华集团,浙江吉华集团股份有限公司
1301,603985,恒润股份,江阴市恒润重工股份有限公司
1302,603986,兆易创新,北京兆易创新科技股份有限公司
1303,603987,康德莱,上海康德莱企业发展集团股份有限公司
1304,603988,中电电机,中电电机股份有限公司
1305,603989,艾华集团,湖南艾华集团股份有限公司
1306,603990,麦迪科技,苏州麦迪斯顿医疗科技股份有限公司
1307,603991,至正股份,上海至正道化高分子材料股份有限公司
1308,603993,洛阳钼业,洛阳栾川钼业集团股份有限公司
1309,603996,中新科技,中新科技集团股份有限公司
1310,603997,继峰股份,宁波继峰汽车零部件股份有限公司
1311,603998,方盛制药,湖南方盛制药股份有限公司
1312,603999,读者传媒,读者出版传媒股份有限公司
1313,900929,锦旅B股,上海锦江国际旅游股份有限公司
1314,900939,汇丽B,上海汇丽建材股份有限公司
1315,900948,伊泰B股,内蒙古伊泰煤炭股份有限公司
1316,900951,大化B股,大化集团大连化工股份有限公司
1317,900953,凯马B,恒天凯马股份有限公司
1318,900956,东贝B股,黄石东贝电器股份有限公司
1319,900957,凌云B股,上海凌云实业发展股份有限公司
1320,000001,平安银行,平安银行股份有限公司
1321,000002,万科,万科企业股份有限公司
1322,000004,国农科技,深圳中国农大科技股份有限公司
1323,000005,世纪星源,深圳世纪星源股份有限公司
1324,000006,深振业,深圳市振业（集团）股份有限公司
1325,000007,深达声,深圳市赛格达声股份有限公司
1326,000008,宝利来,广东宝利来投资股份有限公司
1327,000009,中国宝安,中国宝安集团股份有限公司
1328,000010,深华新,深圳市华新股份有限公司
1329,000011,深物业,深圳市物业发展（集团）股份有限公司
1330,000012,南玻集团,中国南玻集团股份有限公司
1331,000014,沙河股份,沙河实业股份有限公司
1332,000016,深康佳,康佳集团股份有限公司
1333,000017,深中华,深圳中华自行车（集团）股份有限公司
1334,000018,深中冠,深圳中冠纺织印染股份有限公司
1335,000019,深深宝,深圳市深宝实业股份有限公司
1336,000020,深华发,深圳中恒华发股份有限公司
1337,000021,长城开发,深圳长城开发科技股份有限公司
1338,000022,深赤湾,深圳赤湾港航股份有限公司
1339,000023,深天地,深圳市天地（集团）股份有限公司
1340,000024,招商地产,招商局地产控股股份有限公司
1341,000025,深特力,深圳市特力（集团）股份有限公司
1342,000026,飞亚达,深圳市飞亚达（集团）股份有限公司
1343,000027,深能源,深圳能源投资股份有限公司
1344,000028,一致药业,深圳一致药业股份有限公司
1345,000029,深房集团,深圳经济特区房地产（集团）股份有限公司
1346,000030,盛润股份,广东盛润集团股份有限公司
1347,000031,中粮地产,中粮地产（集团）股份有限公司
1348,000032,深桑达,深圳市桑达实业股份有限公司
1349,000033,新都酒店,深圳新都酒店股份有限公司
1350,000034,深信泰丰,深圳市深信泰丰（集团）股份有限公司
1351,000035,中国天楹,中国天楹股份有限公司
1352,000036,华联控股,华联控股股份有限公司
1353,000037,深南电,深圳南山热电股份有限公司
1354,000038,深大通,深圳大通实业股份有限公司
1355,000039,中集集团,中国国际海运集装箱（集团）股份有限公司
1356,000040,宝安地产,宝安鸿基地产集团股份有限公司
1357,000042,深长城,深圳市长城投资控股股份有限公司
1358,000043,中航地产,深圳中航地产股份有限公司
1359,000045,深纺织,深圳市纺织（集团）股份有限公司
1360,000046,泛海建设,泛海建设集团股份有限公司
1361,000048,康达尔,深圳市康达尔（集团）股份有限公司
1362,000049,德赛电池,深圳市德赛电池科技股份有限公司
1363,000050,天马,天马微电子股份有限公司
1364,000055,方大集团,方大集团股份有限公司
1365,000056,深国商,深圳市国际企业股份有限公司
1366,000058,深赛格,深圳赛格股份有限公司
1367,000059,辽通化工,辽宁华锦通达化工股份有限公司
1368,000060,中金岭南,深圳中金岭南有色金属股份有限公司
1369,000061,000061,深圳市农产品股份有限公司
1370,000062,深圳华强,深圳华强实业股份有限公司
1371,000063,中兴通讯,中兴通讯股份有限公司
1372,000065,北方国际,北方国际合作股份有限公司
1373,000066,长城电脑,中国长城计算机深圳股份有限公司
1374,000068,赛格三星,深圳赛格三星股份有限公司
1375,000069,华侨城,深圳华侨城控股股份有限公司
1376,000070,特发信息,深圳市特发信息股份有限公司
1377,000078,海王生物,深圳市海王生物工程股份有限公司
1378,000088,盐田港,深圳市盐田港股份有限公司
1379,000089,深圳机场,深圳市机场股份有限公司
1380,000090,深天健,深圳市天健（集团）股份有限公司
1381,000096,广聚能源,深圳市广聚能源股份有限公司
1382,000099,中信海直,中信海洋直升机股份有限公司
1383,000100,TCL集团,TCL集团股份有限公司
1384,000150,宜华地产,宜华地产股份有限公司
1385,000151,中成股份,中成进出口股份有限公司
1386,000152,山航B,山东航空股份有限公司
1387,000153,丰原药业,安徽丰原药业股份有限公司
1388,000155,川化股份,川化股份有限公司
1389,000156,嘉瑞新材,湖南嘉瑞新材料集团股份有限公司
1390,000157,中联重科,长沙中联重工科技发展股份有限公司
1391,000158,常山股份,石家庄常山纺织股份有限公司
1392,000159,国际实业,新疆国际实业股份有限公司
1393,000166,申万宏源,申万宏源集团股份有限公司
1394,000301,东方市场,江苏吴江中国东方丝绸市场股份有限公司
1395,000338,潍柴动力,潍柴动力股份有限公司
1396,000400,许继电气,许继电气股份有限公司
1397,000401,冀东水泥,唐山冀东水泥股份有限公司
1398,000402,金融街,金融街控股股份有限公司
1399,000403,振兴集团,振兴集团股份有限公司
1400,000404,华意压缩,华意压缩机股份有限公司
1401,000407,胜利股份,山东胜利股份有限公司
1402,000408,玉源控股,玉源控股股份有限公司
1403,000409,泰复实业,泰复实业股份有限公司
1404,000410,沈阳机床,沈阳机床股份有限公司
1405,000411,英特集团,浙江英特集团股份有限公司
1406,000413,宝石,石家庄宝石电子玻璃股份有限公司
1407,000415,汇通集团,新疆汇通（集团）股份有限公司
1408,000416,华馨实业,青岛华馨实业股份有限公司
1409,000417,合肥百货,合肥百货大楼集团股份有限公司
1410,000418,小天鹅,无锡小天鹅股份有限公司
1411,000419,通程控股,长沙通程控股股份有限公司
1412,000420,吉林化纤,吉林化纤股份有限公司
1413,000421,南京中北,南京中北（集团）股份有限公司
1414,000422,湖北宜化,湖北宜化化工股份有限公司
1415,000423,东阿阿胶,山东东阿阿胶股份有限公司
1416,000425,徐工科技,徐州工程机械科技股份有限公司
1417,000426,富龙热电,赤峰富龙热电股份有限公司
1418,000428,华天酒店,华天酒店集团股份有限公司
1419,000429,粤高速,广东省高速公路发展股份有限公司
1420,000430,张家界,张家界旅游开发股份有限公司
1421,000488,晨鸣纸业,山东晨鸣纸业集团股份有限公司
1422,000498,丹东化纤,丹东化学纤维股份有限公司
1423,000501,鄂武商,武汉武商集团股份有限公司
1424,000502,绿景地产,绿景地产股份有限公司
1425,000503,海虹控股,海虹企业（控股）股份有限公司
1426,000504,赛迪传媒,北京赛迪传媒投资股份有限公司
1427,000505,珠江控股,海南珠江控股股份有限公司
1428,000506,山东惠邦,山东惠邦地产股份有限公司
1429,000507,粤富华,珠海经济特区富华集团股份有限公司
1430,000509,同人华塑,华塑控股股份有限公司
1431,000510,金路集团,四川金路集团股份有限公司
1432,000511,银基发展,沈阳银基发展股份有限公司
1433,000512,闽灿坤,厦门灿坤实业股份有限公司
1434,000513,丽珠集团,丽珠医药集团股份有限公司
1435,000514,渝开发,重庆渝开发股份有限公司
1436,000515,攀渝钛业,攀钢集团重庆钛业股份有限公司
1437,000516,开元控股,西安开元控股集团股份有限公司
1438,000517,甬成功,成功信息产业（集团）股份有限公司
1439,000518,四环生物,江苏四环生物股份有限公司
1440,000519,银河动力,成都银河动力股份有限公司
1441,000520,长航凤凰,长航凤凰股份有限公司
1442,000521,美菱电器,合肥美菱股份有限公司
1443,000522,白云山,广州白云山制药股份有限公司
1444,000523,广州浪奇,广州市浪奇实业股份有限公司
1445,000524,东方宾馆,广州市东方宾馆股份有限公司
1446,000525,红太阳,南京红太阳股份有限公司
1447,000526,旭飞投资,厦门旭飞投资股份有限公司
1448,000527,美的电器,广东美的电器股份有限公司
1449,000528,柳工,广西柳工机械股份有限公司
1450,000529,粤美雅,广东美雅集团股份有限公司
1451,000530,大冷股份,大连冷冻机股份有限公司
1452,000531,穗恒运,广州恒运企业集团股份有限公司
1453,000532,力合股份,力合股份有限公司
1454,000533,万家乐,广东万家乐股份有限公司
1455,000534,万泽股份,万泽实业股份有限公司
1456,000536,闽闽东,闽东电机（集团）股份有限公司
1457,000537,广宇发展,天津广宇发展股份有限公司
1458,000538,云南白药,云南白药集团股份有限公司
1459,000539,粤电力,广东电力发展股份有限公司
1460,000540,中天城投,中天城投集团股份有限公司
1461,000541,佛山照明,佛山电器照明股份有限公司
1462,000543,皖能电力,安徽省皖能股份有限公司
1463,000544,中原环保,中原环保股份有限公司
1464,000545,吉林制药,吉林制药股份有限公司
1465,000546,吉光华,吉林光华控股集团股份有限公司
1466,000547,闽福发,神州学人集团股份有限公司
1467,000548,湖南投资,湖南投资集团股份有限公司
1468,000550,江铃汽车,江铃汽车股份有限公司
1469,000551,创元科技,创元科技股份有限公司
1470,000552,靖远煤电,甘肃靖远煤电股份有限公司
1471,000553,沙隆达,湖北沙隆达股份有限公司
1472,000554,泰山石油,中国石化山东泰山石油股份有限公司
1473,000555,太光电信,深圳市太光电信股份有限公司
1474,000557,银广夏,广夏（银川）实业股份有限公司
1475,000558,莱茵置业,莱茵达置业股份有限公司
1476,000559,万向钱潮,万向钱潮股份有限公司
1477,000560,昆百大,昆明百货大楼（集团）股份有限公司
1478,000561,陕长岭,长岭（集团）股份有限公司
1479,000563,陕国投,陕西省国际信托投资股份有限公司
1480,000564,西安民生,西安民生集团股份有限公司
1481,000565,渝三峡,重庆三峡油漆股份有限公司
1482,000566,海南海药,海南海药股份有限公司
1483,000567,海德股份,海南海德实业股份有限公司
1484,000568,泸州老窖,泸州老窖股份有限公司
1485,000569,四川长钢,攀钢集团四川长城特殊钢股份有限公司
1486,000570,苏常柴,常柴股份有限公司
1487,000571,新大洲A,新大洲控股股份有限公司
1488,000572,海马股份,海马投资集团股份有限公司
1489,000573,粤宏远,东莞宏远工业区股份有限公司
1490,000576,广东甘化,江门甘蔗化工厂（集团）股份有限公司
1491,000578,盐湖工业,青海盐湖工业集团股份有限公司
1492,000581,威孚高科,无锡威孚高科技股份有限公司
1493,000582,北海港,北海市北海港股份有限公司
1494,000584,舒卡股份,四川舒卡特种纤维股份有限公司
1495,000585,东北电气,东北电气发展股份有限公司
1496,000586,汇源通信,四川汇源光通信股份有限公司
1497,000587,光明家具,光明集团家具股份有限公司
1498,000589,黔轮胎,贵州轮胎股份有限公司
1499,000590,紫光古汉,紫光古汉集团股份有限公司
1500,000591,桐君阁,重庆桐君阁股份有限公司
1501,000592,中福实业,福建中福实业股份有限公司
1502,000593,大通燃气,四川大通燃气开发股份有限公司
1503,000594,国恒铁路,天津国恒铁路控股股份有限公司
1504,000595,西北轴承,西北轴承股份有限公司
1505,000596,古井贡酒,安徽古井贡酒股份有限公司
1506,000597,东北制药,东北制药集团股份有限公司
1507,000598,蓝星清洗,蓝星清洗股份有限公司
1508,000599,青岛双星,青岛双星股份有限公司
1509,000600,建投能源,河北建投能源投资股份有限公司
1510,000601,韶能股份,广东韶能集团股份有限公司
1511,000602,金马集团,广东金马旅游集团股份有限公司
1512,000603,威达医械,威达医用科技股份有限公司
1513,000605,四环药业,四环药业股份有限公司
1514,000606,青海明胶,青海明胶股份有限公司
1515,000607,华立药业,重庆华立药业股份有限公司
1516,000608,阳光股份,阳光新业地产股份有限公司
1517,000609,绵世股份,北京绵世投资集团股份有限公司
1518,000610,西安旅游,西安旅游股份有限公司
1519,000611,时代科技,内蒙古时代科技股份有限公司
1520,000612,焦作万方,焦作万方铝业股份有限公司
1521,000613,大东海,海南大东海旅游中心股份有限公司
1522,000615,湖北金环,湖北金环股份有限公司
1523,000616,亿城股份,亿城集团股份有限公司
1524,000617,石油济柴,济南柴油机股份有限公司
1525,000619,海螺型材,芜湖海螺型材科技股份有限公司
1526,000620,圣方科技,黑龙江圣方科技股份有限公司
1527,000622,岳阳恒立,岳阳恒立冷气设备股份有限公司
1528,000623,吉林敖东,吉林敖东药业集团股份有限公司
1529,000625,长安汽车,重庆长安汽车股份有限公司
1530,000626,如意集团,连云港如意集团股份有限公司
1531,000627,天茂集团,天茂实业集团股份有限公司
1532,000628,高新发展,成都高新发展股份有限公司
1533,000629,新钢钒,攀枝花新钢钒股份有限公司
1534,000630,铜都铜业,安徽铜都铜业股份有限公司
1535,000631,兰宝信息,兰宝科技信息股份有限公司
1536,000632,三木集团,福建三木集团股份有限公司
1537,000633,合金投资,沈阳合金投资股份有限公司
1538,000635,英力特,宁夏英力特化工股份有限公司
1539,000636,风华高科,广东风华高新科技股份有限公司
1540,000637,茂化实华,茂名石化实华股份有限公司
1541,000638,中辽国际,中国辽宁国际合作（集团）股份有限公司
1542,000639,金德发展,湖南金德发展股份有限公司
1543,000650,仁和药业,仁和药业股份有限公司
1544,000651,格力电器,珠海格力电器股份有限公司
1545,000652,泰达股份,天津泰达股份有限公司
1546,000655,金岭矿业,山东金岭矿业股份有限公司
1547,000656,重庆东源,重庆东源产业发展股份有限公司
1548,000657,中钨高新,中钨高新材料股份有限公司
1549,000659,珠海中富,珠海中富实业股份有限公司
1550,000661,长春高新,长春高新技术产业（集团）股份有限公司
1551,000662,索芙特,索芙特股份有限公司
1552,000663,永安林业,福建省永安林业（集团）股份有限公司
1553,000665,武汉塑料,武汉塑料工业集团股份有限公司
1554,000666,经纬纺机,经纬纺织机械股份有限公司
1555,000667,名流置业,名流置业集团股份有限公司
1556,000668,荣丰控股,荣丰控股集团股份有限公司
1557,000669,领先科技,吉林领先科技发展股份有限公司
1558,000670,舜元地产,舜元地产发展股份有限公司
1559,000671,阳光发展,福建阳光实业发展股份有限公司
1560,000672,上峰水泥,甘肃上峰水泥股份有限公司
1561,000673,大同水泥,大同水泥股份有限公司
1562,000676,思达高科,河南思达高科技股份有限公司
1563,000677,山东海龙,山东海龙股份有限公司
1564,000678,襄阳轴承,襄阳汽车轴承股份有限公司
1565,000679,大连友谊,大连友谊（集团）股份有限公司
1566,000680,山推股份,山推工程机械股份有限公司
1567,000681,远东股份,远东实业股份有限公司
1568,000682,东方电子,烟台东方电子信息产业股份有限公司
1569,000683,远兴能源,内蒙古远兴能源股份有限公司
1570,000685,中山公用,中山公用事业集团股份有限公司
1571,000686,东北证券,东北证券股份有限公司
1572,000687,保定天鹅,保定天鹅股份有限公司
1573,000688,朝华集团,朝华科技（集团）股份有限公司
1574,000690,宝新能源,广东宝丽华新能源股份有限公司
1575,000691,海南联合,海南联合油脂科技发展股份有限公司
1576,000692,惠天热电,沈阳惠天热电股份有限公司
1577,000693,聚友网络,成都聚友网络股份有限公司
1578,000695,滨海能源,天津滨海能源发展股份有限公司
1579,000697,咸阳偏转,咸阳偏转股份有限公司
1580,000698,沈阳化工,沈阳化工股份有限公司
1581,000700,模塑科技,江南模塑科技股份有限公司
1582,000701,厦门信达,厦门信达股份有限公司
1583,000702,正虹科技,湖南正虹科技发展股份有限公司
1584,000703,世纪光华,世纪光华科技股份有限公司
1585,000705,浙江震元,浙江震元股份有限公司
1586,000706,瓦轴,瓦房店轴承股份有限公司
1587,000707,双环科技,湖北双环科技股份有限公司
1588,000708,大冶特钢,大冶特殊钢股份有限公司
1589,000709,河北钢铁,河北钢铁股份有限公司
1590,000710,天兴仪表,成都天兴仪表股份有限公司
1591,000711,天伦置业,黑龙江天伦置业股份有限公司
1592,000712,锦龙股份,广东锦龙发展股份有限公司
1593,000713,丰乐种业,合肥丰乐种业股份有限公司
1594,000715,中兴商业,中兴-沈阳商业大厦(集团)股份有限公司
1595,000716,南方食品,广西南方食品集团股份有限公司
1596,000717,韶钢松山,广东韶钢松山股份有限公司
1597,000718,苏宁环球,苏宁环球股份有限公司
1598,000719,焦作鑫安,焦作鑫安科技股份有限公司
1599,000720,鲁能泰山,山东鲁能泰山电缆股份有限公司
1600,000721,西安饮食,西安饮食股份有限公司
1601,000722,金果实业,湖南金果实业股份有限公司
1602,000723,美锦能源,山西美锦能源股份有限公司
1603,000725,京东方,京东方科技集团股份有限公司
1604,000726,鲁泰,鲁泰纺织股份有限公司
1605,000727,华东科技,南京华东电子信息科技股份有限公司
1606,000728,国元证券,国元证券股份有限公司
1607,000729,燕京啤酒,北京燕京啤酒股份有限公司
1608,000731,四川美丰,四川美丰化工股份有限公司
1609,000732,福建三农,福建三农集团股份有限公司
1610,000733,振华科技,中国振华(集团)科技股份有限公司
1611,000735,罗牛山,海口农工贸(罗牛山)股份有限公司
1612,000736,重庆实业,重庆国际实业投资股份有限公司
1613,000737,南风化工,南风化工集团股份有限公司
1614,000738,南方宇航,南方宇航科技股份有限公司
1615,000739,普洛股份,普洛股份有限公司
1616,000748,长城信息,长城信息产业股份有限公司
1617,000750,国海证券,国海证券股份有限公司
1618,000751,锌业股份,葫芦岛锌业股份有限公司
1619,000752,西藏发展,西藏银河科技发展股份有限公司
1620,000753,漳州发展,福建漳州发展股份有限公司
1621,000755,山西三维,山西三维集团股份有限公司
1622,000756,新华制药,山东新华制药股份有限公司
1623,000757,方向光电,四川方向光电股份有限公司
1624,000758,中色股份,中国有色金属建设股份有限公司
1625,000759,武汉中百,武汉中百集团股份有限公司
1626,000760,博盈投资,湖北博盈投资股份有限公司
1627,000761,本钢板材,本钢板材股份有限公司
1628,000762,西藏矿业,西藏矿业发展股份有限公司
1629,000766,通化金马,通化金马药业集团股份有限公司
1630,000767,漳泽电力,山西漳泽电力股份有限公司
1631,000768,西飞国际,西安飞机国际航空制造股份有限公司
1632,000770,武锅,武汉锅炉股份有限公司
1633,000771,杭汽轮,杭州汽轮机股份有限公司
1634,000776,延边公路,延边公路建设股份有限公司
1635,000777,中核科技,中核苏阀科技实业股份有限公司
1636,000778,新兴铸管,新兴铸管股份有限公司
1637,000779,三毛派神,兰州三毛实业股份有限公司
1638,000780,平庄能源,内蒙古平庄能源股份有限公司
1639,000782,美达股份,广东新会美达锦纶股份有限公司
1640,000783,长江证券,长江证券股份有限公司
1641,000785,武汉中商,武汉中商集团股份有限公司
1642,000786,北新建材,北新集团建材股份有限公司
1643,000787,创智科技,创智信息科技股份有限公司
1644,000788,西南合成,西南合成制药股份有限公司
1645,000789,江西水泥,江西万年青水泥股份有限公司
1646,000790,华神集团,成都华神集团股份有限公司
1647,000791,西北化工,西北永新化工股份有限公司
1648,000792,盐湖钾肥,青海盐湖钾肥股份有限公司
1649,000793,华闻传媒,华闻传媒投资股份有限公司
1650,000795,太原刚玉,太原双塔刚玉股份有限公司
1651,000796,宝商集团,宝鸡商场(集团)股份有限公司
1652,000797,中国武夷,中国武夷实业股份有限公司
1653,000798,中水渔业,中水集团远洋股份有限公司
1654,000799,湘酒鬼,酒鬼酒股份有限公司
1655,000800,一汽轿车,一汽轿车股份有限公司
1656,000801,四川九州,四川九州电子科技股份有限公司
1657,000802,北京文化,北京京西文化旅游股份有限公司
1658,000803,金宇车城,四川金宇汽车城（集团）股份有限公司
1659,000805,炎黄物流,江苏炎黄在线物流股份有限公司
1660,000806,银河科技,北海银河高科技产业股份有限公司
1661,000807,云铝股份,云南铝业股份有限公司
1662,000809,中汇医药,四川中汇医药（集团）股份有限公司
1663,000810,创维数字,创维数字技术股份有限公司
1664,000811,烟台冰轮,烟台冰轮股份有限公司
1665,000812,陕西金叶,陕西金叶科教集团股份有限公司
1666,000813,天山纺织,新疆天山毛纺织股份有限公司
1667,000815,美利纸业,中冶美利纸业股份有限公司
1668,000816,江淮动力,江苏江淮动力股份有限公司
1669,000818,锦化氯碱,锦化化工集团氯碱股份有限公司
1670,000819,岳阳兴长,岳阳兴长石化股份有限公司
1671,000820,金城股份,金城造纸股份有限公司
1672,000821,京山轻机,湖北京山轻工机械股份有限公司
1673,000822,山东海化,山东海化股份有限公司
1674,000823,超声电子,广东汕头超声电子股份有限公司
1675,000825,太钢不锈,山西太钢不锈钢股份有限公司
1676,000826,合加资源,合加资源发展股份有限公司
1677,000828,东莞控股,东莞发展控股股份有限公司
1678,000829,天音控股,天音通信控股股份有限公司
1679,000830,鲁西化工,山东鲁西化工股份有限公司
1680,000831,关铝股份,山西关铝股份有限公司
1681,000833,贵糖股份,广西贵糖(集团)股份有限公司
1682,000835,四川圣达,四川圣达实业股份有限公司
1683,000836,鑫茂科技,天津鑫茂科技股份有限公司
1684,000837,秦川发展,陕西秦川机械发展股份有限公司
1685,000838,国兴地产,国兴融达地产股份有限公司
1686,000839,中信国安,中信国安信息产业股份有限公司
1687,000848,承德露露,河北承德露露股份有限公司
1688,000850,华茂股份,安徽华茂纺织股份有限公司
1689,000851,高鸿股份,大唐高鸿数据网络技术股份有限公司
1690,000852,江钻股份,江汉石油钻头股份有限公司
1691,000856,唐山陶瓷,唐山陶瓷股份有限公司
1692,000858,五粮液,宜宾五粮液股份有限公司
1693,000859,国风塑业,安徽国风塑业股份有限公司
1694,000860,顺鑫农业,北京顺鑫农业股份有限公司
1695,000861,海印股份,广东海印永业（集团）股份有限公司
1696,000862,银星能源,宁夏银星能源股份有限公司
1697,000863,和光商务,深圳和光现代商务股份有限公司
1698,000868,安凯客车,安徽安凯汽车股份有限公司
1699,000869,张裕,烟台张裕葡萄酿酒股份有限公司
1700,000875,吉电股份,吉林电力股份有限公司
1701,000876,新希望,四川新希望农业股份有限公司
1702,000877,天山股份,新疆天山水泥股份有限公司
1703,000878,云南铜业,云南铜业股份有限公司
1704,000880,山东巨力,山东巨力股份有限公司
1705,000881,大连国际,中国大连国际合作（集团）股份有限公司
1706,000882,华联股份,北京华联商厦股份有限公司
1707,000883,三环股份,湖北三环股份有限公司
1708,000885,同力水泥,河南同力水泥股份有限公司
1709,000886,海南高速,海南高速公路股份有限公司
1710,000887,中鼎股份,安徽中鼎密封件股份有限公司
1711,000888,峨眉山,峨眉山旅游股份有限公司
1712,000889,渤海物流,秦皇岛渤海物流控股股份有限公司
1713,000890,法尔胜,江苏法尔胜股份有限公司
1714,000892,星美联合,星美联合股份有限公司
1715,000893,广州冷机,广州冷机股份有限公司
1716,000895,双汇发展,河南双汇投资发展股份有限公司
1717,000897,津滨发展,天津津滨发展股份有限公司
1718,000898,鞍钢股份,鞍钢股份有限公司
1719,000899,赣能股份,江西赣能股份有限公司
1720,000900,现代投资,现代投资股份有限公司
1721,000901,航天科技,航天科技控股集团股份有限公司
1722,000902,中国服装,中国服装股份有限公司
1723,000903,云内动力,昆明云内动力股份有限公司
1724,000905,厦门港务,厦门港务发展股份有限公司
1725,000906,南方建材,南方建材股份有限公司
1726,000908,天一科技,湖南天一科技股份有限公司
1727,000909,数源科技,数源科技股份有限公司
1728,000910,大亚科技,大亚科技股份有限公司
1729,000911,南宁糖业,南宁糖业股份有限公司
1730,000912,泸天化,四川泸天化股份有限公司
1731,000913,钱江摩托,浙江钱江摩托股份有限公司
1732,000915,山大华特,山东山大华特科技股份有限公司
1733,000916,华北高速,华北高速公路股份有限公司
1734,000917,电广传媒,湖南电广传媒股份有限公司
1735,000918,亚华控股,湖南亚华控股集团股份有限公司
1736,000919,金陵药业,金陵药业股份有限公司
1737,000920,南方汇通,南方汇通股份有限公司
1738,000921,科龙电器,海信科龙电器股份有限公司
1739,000922,阿继电器,阿城继电器股份有限公司
1740,000923,河北宣工,河北宣化工程机械股份有限公司
1741,000925,浙江海纳,浙江海纳科技股份有限公司
1742,000926,福星股份,湖北福星科技股份有限公司
1743,000927,一汽夏利,天津一汽夏利汽车股份有限公司
1744,000928,吉林炭素,中钢集团吉林炭素股份有限公司
1745,000929,兰州黄河,兰州黄河企业股份有限公司
1746,000930,丰原生化,安徽丰原生物化学股份有限公司
1747,000931,中关村,北京中关村科技发展（控股）股份有限公司
1748,000932,华菱管线,湖南华菱管线股份有限公司
1749,000933,神火股份,河南神火煤电股份有限公司
1750,000935,四川双马,四川双马水泥股份有限公司
1751,000936,华西村,江苏华西村股份有限公司
1752,000937,冀中能源,河北冀中能源股份有限公司
1753,000938,紫光股份,紫光股份有限公司
1754,000939,凯迪电力,武汉凯迪电力股份有限公司
1755,000948,南天信息,云南南天电子信息产业股份有限公司
1756,000949,新乡化纤,新乡化纤股份有限公司
1757,000950,建峰化工,重庆建峰化工股份有限公司
1758,000951,中国重汽,中国重汽集团济南卡车股份有限公司
1759,000952,广济药业,湖北广济药业股份有限公司
1760,000953,河池化工,广西河池化工股份有限公司
1761,000955,欣龙控股,欣龙控股（集团）股份有限公司
1762,000957,中通客车,中通客车控股股份有限公司
1763,000958,东方热电,石家庄东方热电股份有限公司
1764,000959,首钢股份,北京首钢股份有限公司
1765,000960,锡业股份,云南锡业股份有限公司
1766,000961,大连金牛,大连金牛股份有限公司
1767,000962,东方钽业,宁夏东方钽业股份有限公司
1768,000963,华东医药,华东医药股份有限公司
1769,000965,天保基建,天津天保基建股份有限公司
1770,000966,长源电力,国电长源电力股份有限公司
1771,000967,上风高科,浙江上风实业股份有限公司
1772,000968,煤气化,太原煤气化股份有限公司
1773,000969,安泰科技,安泰科技股份有限公司
1774,000970,中科三环,北京中科三环高技术股份有限公司
1775,000971,湖北迈亚,湖北迈亚股份有限公司
1776,000972,新中基,新疆中基实业股份有限公司
1777,000973,佛塑股份,佛山塑料集团股份有限公司
1778,000975,科学城,南方科学城发展股份有限公司
1779,000976,春晖股份,广东开平春晖股份有限公司
1780,000977,浪潮信息,浪潮电子信息产业股份有限公司
1781,000978,桂林旅游,桂林旅游股份有限公司
1782,000979,科苑集团,安徽省科苑(集团)股份有限公司
1783,000980,众泰汽车,众泰汽车股份有限公司
1784,000981,兰光科技,甘肃兰光科技股份有限公司
1785,000982,中银绒业,宁夏中银绒业股份有限公司
1786,000983,西山煤电,山西西山煤电股份有限公司
1787,000985,大庆华科,大庆华科股份有限公司
1788,000986,粤华包,佛山华新包装股份有限公司
1789,000987,广州友谊,广州友谊集团股份有限公司
1790,000988,华工科技,华工科技产业股份有限公司
1791,000989,九芝堂,九芝堂股份有限公司
1792,000990,诚志股份,诚志股份有限公司
1793,000992,中鲁股份,山东省中鲁远洋渔业股份有限公司
1794,000993,闽东电力,福建闽东电力股份有限公司
1795,000995,皇台酒业,甘肃皇台酒业股份有限公司
1796,000996,中国中期,中国中期投资股份有限公司
1797,000997,新大陆,福建新大陆电脑股份有限公司
1798,000998,隆平高科,袁隆平农业高科技股份有限公司
1799,000999,华润三九,华润三九医药股份有限公司
1800,001696,宗申动力,重庆宗申动力机械股份有限公司
1801,001896,豫能控股,河南豫能控股股份有限公司
1802,001979,招商蛇口,招商局蛇口工业区控股股份有限公司
1803,002001,新和成,浙江新和成股份有限公司
1804,002002,鸿达兴业,鸿达兴业股份有限公司
1805,002003,伟星股份,浙江伟星实业发展股份有限公司
1806,002004,华邦健康,华邦生命健康股份有限公司
1807,002005,德豪润达,广东德豪润达电气股份有限公司
1808,002006,精功科技,浙江精功科技股份有限公司
1809,002007,华兰生物,华兰生物工程股份有限公司
1810,002008,大族激光,大族激光科技产业集团股份有限公司
1811,002009,天奇股份,天奇自动化工程股份有限公司
1812,002010,传化股份,浙江传化股份有限公司
1813,002011,盾安环境,浙江盾安人工环境股份有限公司
1814,002012,凯恩股份,浙江凯恩特种材料股份有限公司
1815,002013,中航机电,中航工业机电系统股份有限公司
1816,002014,永新股份,黄山永新股份有限公司
1817,002015,霞客环保,江苏霞客环保色纺股份有限公司
1818,002016,世荣兆业,广东世荣兆业股份有限公司
1819,002017,东信和平,东信和平科技股份有限公司
1820,002018,华信国际,安徽华信国际控股股份有限公司
1821,002019,亿帆鑫富,亿帆鑫富药业股份有限公司
1822,002020,京新药业,浙江京新药业股份有限公司
1823,002021,中捷资源,中捷资源投资股份有限公司
1824,002022,科华生物,上海科华生物工程股份有限公司
1825,002023,海特高新,四川海特高新技术股份有限公司
1826,002024,苏宁云商,苏宁云商集团股份有限公司
1827,002025,航天电器,贵州航天电器股份有限公司
1828,002026,山东威达,山东威达机械股份有限公司
1829,002027,七喜控股,七喜控股股份有限公司
1830,002028,思源电气,思源电气股份有限公司
1831,002029,七匹狼,福建七匹狼实业股份有限公司
1832,002030,达安基因,中山大学达安基因股份有限公司
1833,002031,巨轮智能,巨轮智能装备股份有限公司
1834,002032,苏泊尔,浙江苏泊尔股份有限公司
1835,002033,丽江旅游,丽江玉龙旅游股份有限公司
1836,002034,美欣达,浙江美欣达印染集团股份有限公司
1837,002035,华帝股份,华帝股份有限公司
1838,002036,联创电子,联创电子科技股份有限公司
1839,002037,久联发展,贵州久联民爆器材发展股份有限公司
1840,002038,双鹭药业,北京双鹭药业股份有限公司
1841,002039,黔源电力,贵州黔源电力股份有限公司
1842,002040,南京港,南京港股份有限公司
1843,002041,登海种业,山东登海种业股份有限公司
1844,002042,华孚色纺,华孚色纺股份有限公司
1845,002043,兔宝宝,德华兔宝宝装饰新材股份有限公司
1846,002044,美年健康,美年大健康产业控股股份有限公司
1847,002045,国光电器,国光电器股份有限公司
1848,002046,轴研科技,洛阳轴研科技股份有限公司
1849,002047,宝鹰股份,深圳市宝鹰建设控股集团股份有限公司
1850,002048,宁波华翔,宁波华翔电子股份有限公司
1851,002049,紫光国芯,紫光国芯股份有限公司
1852,002050,三花股份,浙江三花股份有限公司
1853,002051,中工国际,中工国际工程股份有限公司
1854,002052,同洲电子,深圳市同洲电子股份有限公司
1855,002053,云南盐化,云南盐化股份有限公司
1856,002054,德美化工,广东德美精细化工股份有限公司
1857,002055,得润电子,深圳市得润电子股份有限公司
1858,002056,横店东磁,横店集团东磁股份有限公司
1859,002057,中钢天源,中钢集团安徽天源科技股份有限公司
1860,002058,威尔泰,上海威尔泰工业自动化股份有限公司
1861,002059,云南旅游,云南旅游股份有限公司
1862,002060,粤水电,广东水电二局股份有限公司
1863,002061,*ST江化,浙江江山化工股份有限公司
1864,002062,宏润建设,宏润建设集团股份有限公司
1865,002063,远光软件,远光软件股份有限公司
1866,002064,华峰氨纶,浙江华峰氨纶股份有限公司
1867,002065,东华软件,东华软件股份公司
1868,002066,瑞泰科技,瑞泰科技股份有限公司
1869,002067,景兴纸业,浙江景兴纸业股份有限公司
1870,002068,黑猫股份,江西黑猫炭黑股份有限公司
1871,002069,獐子岛,獐子岛集团股份有限公司
1872,002070,众和股份,福建众和股份有限公司
1873,002071,长城影视,长城影视股份有限公司
1874,002072,凯瑞德,凯瑞德控股股份有限公司
1875,002073,软控股份,软控股份有限公司
1876,002074,国轩高科,国轩高科股份有限公司
1877,002075,沙钢股份,江苏沙钢股份有限公司
1878,002076,雪莱特,广东雪莱特光电科技股份有限公司
1879,002077,大港股份,江苏大港股份有限公司
1880,002078,太阳纸业,山东太阳纸业股份有限公司
1881,002079,苏州固锝,苏州固锝电子股份有限公司
1882,002080,中材科技,中材科技股份有限公司
1883,002081,金螳螂,苏州金螳螂建筑装饰股份有限公司
1884,002082,栋梁新材,浙江栋梁新材股份有限公司
1885,002083,孚日股份,孚日集团股份有限公司
1886,002084,海鸥卫浴,广州海鸥卫浴用品股份有限公司
1887,002085,万丰奥威,浙江万丰奥威汽轮股份有限公司
1888,002086,东方海洋,山东东方海洋科技股份有限公司
1889,002087,新野纺织,河南新野纺织股份有限公司
1890,002088,鲁阳节能,山东鲁阳节能材料股份有限公司
1891,002089,新海宜,苏州新海宜通信科技股份有限公司
1892,002090,金智科技,江苏金智科技股份有限公司
1893,002091,江苏国泰,江苏国泰国际集团国贸股份有限公司
1894,002092,中泰化学,新疆中泰化学股份有限公司
1895,002093,国脉科技,国脉科技股份有限公司
1896,002094,青岛金王,青岛金王应用化学股份有限公司
1897,002095,生意宝,浙江网盛生意宝股份有限公司
1898,002096,南岭民爆,湖南南岭民用爆破器材股份有限公司
1899,002097,山河智能,山河智能装备股份有限公司
1900,002098,浔兴股份,福建浔兴拉链科技股份有限公司
1901,002099,海翔药业,浙江海翔药业股份有限公司
1902,002100,天康生物,新疆天康畜牧生物技术股份有限公司
1903,002101,广东鸿图,广东鸿图科技股份有限公司
1904,002102,冠福股份,福建冠福现代家用股份有限公司
1905,002103,广博股份,广博集团股份有限公司
1906,002104,恒宝股份,恒宝股份有限公司
1907,002105,信隆实业,深圳信隆实业股份有限公司
1908,002106,莱宝高科,深圳莱宝高科技股份有限公司
1909,002107,沃华医药,山东沃华医药科技股份有限公司
1910,002108,沧州明珠,沧州明珠塑料股份有限公司
1911,002109,*ST兴化,陕西兴化化学股份有限公司
1912,002110,三钢闽光,福建三钢闽光股份有限公司
1913,002111,威海广泰,威海广泰空港设备股份有限公司
1914,002112,三变科技,三变科技股份有限公司
1915,002113,天润控股,湖南天润实业控股股份有限公司
1916,002114,罗平锌电,云南罗平锌电股份有限公司
1917,002115,三维通信,三维通信股份有限公司
1918,002116,中国海诚,中国海诚工程科技股份有限公司
1919,002117,东港股份,东港股份有限公司
1920,002118,紫鑫药业,吉林紫鑫药业股份有限公司
1921,002119,康强电子,宁波康强电子股份有限公司
1922,002120,新海股份,宁波新海电气股份有限公司
1923,002121,科陆电子,深圳市科陆电子科技股份有限公司
1924,002122,天马股份,天马轴承集团股份有限公司
1925,002123,荣信股份,荣信电力电子股份有限公司
1926,002124,天邦股份,宁波天邦股份有限公司
1927,002125,湘潭电化,湘潭电化科技股份有限公司
1928,002126,银轮股份,浙江银轮机械股份有限公司
1929,002127,新民科技,江苏新民纺织科技股份有限公司
1930,002128,露天煤业,内蒙古霍林河露天煤业股份有限公司
1931,002129,中环股份,天津中环半导体股份有限公司
1932,002130,沃尔核材,深圳市沃尔核材股份有限公司
1933,002131,利欧股份,利欧集团股份有限公司
1934,002132,恒星科技,河南恒星科技股份有限公司
1935,002133,广宇集团,广宇集团股份有限公司
1936,002134,天津普林,天津普林电路股份有限公司
1937,002135,东南网架,浙江东南网架股份有限公司
1938,002136,安纳达,安徽安纳达钛业股份有限公司
1939,002137,麦达数字,深圳市麦达数字股份有限公司
1940,002138,顺络电子,深圳顺络电子股份有限公司
1941,002139,拓邦股份,深圳拓邦股份有限公司
1942,002140,东华科技,东华工程科技股份有限公司
1943,002141,蓉胜超微,广东蓉胜超微线材股份有限公司
1944,002142,宁波银行,宁波银行股份有限公司
1945,002143,印纪传媒,印纪娱乐传媒股份有限公司
1946,002144,宏达高科,宏达高科控股股份有限公司
1947,002145,中核钛白,中核华原钛白股份有限公司
1948,002146,荣盛发展,荣盛房地产发展股份有限公司
1949,002147,方圆支承,马鞍山方圆回转支承股份有限公司
1950,002148,北纬通信,北京北纬通信科技股份有限公司
1951,002149,西部材料,西部金属材料股份有限公司
1952,002150,通润装备,江苏通润装备科技股份有限公司
1953,002151,北斗星通,北京北斗星通导航技术股份有限公司
1954,002152,广电运通,广州广电运通金融电子股份有限公司
1955,002153,石基信息,北京中长石基信息技术股份有限公司
1956,002154,报喜鸟,浙江报喜鸟服饰股份有限公司
1957,002155,湖南黄金,湖南黄金股份有限公司
1958,002156,通富微电,南通富士通微电子股份有限公司
1959,002157,正邦科技,江西正邦科技股份有限公司
1960,002158,汉钟精机,上海汉钟精机股份有限公司
1961,002159,三特索道,武汉三特索道集团股份有限公司
1962,002160,常铝股份,江苏常铝铝业股份有限公司
1963,002161,远望谷,深圳市远望谷信息技术股份有限公司
1964,002162,悦心健康,上海悦心健康集团股份有限公司
1965,002163,中航三鑫,中航三鑫股份有限公司
1966,002164,宁波东力,宁波东力股份有限公司
1967,002165,红宝丽,红宝丽集团股份有限公司
1968,002166,莱茵生物,桂林莱茵生物科技股份有限公司
1969,002167,东方锆业,广东东方锆业科技股份有限公司
1970,002168,深圳惠程,深圳市惠程电气股份有限公司
1971,002169,智光电气,广州智光电气股份有限公司
1972,002170,芭田股份,深圳市芭田生态工程股份有限公司
1973,002171,楚江新材,安徽楚江科技新材料股份有限公司
1974,002172,澳洋科技,江苏澳洋科技股份有限公司
1975,002173,千足珍珠,千足珍珠集团股份有限公司
1976,002174,游族网络,游族网络股份有限公司
1977,002175,东方网络,东方时代网络传媒股份有限公司
1978,002176,江特电机,江西特种电机股份有限公司
1979,002177,御银股份,广州御银科技股份有限公司
1980,002178,延华智能,上海延华智能科技(集团)股份有限公司
1981,002179,中航光电,中航光电科技股份有限公司
1982,002180,艾派克,珠海艾派克科技股份有限公司
1983,002181,粤传媒,广东广州日报传媒股份有限公司
1984,002182,云海金属,南京云海特种金属股份有限公司
1985,002183,怡亚通,深圳市怡亚通供应链股份有限公司
1986,002184,海得控制,上海海得控制系统股份有限公司
1987,002185,华天科技,天水华天科技股份有限公司
1988,002186,全聚德,中国全聚德(集团)股份有限公司
1989,002187,广百股份,广州市广百股份有限公司
1990,002188,巴士在线,巴士在线股份有限公司
1991,002189,利达光电,利达光电股份有限公司
1992,002190,成飞集成,四川成飞集成科技股份有限公司
1993,002191,劲嘉股份,深圳劲嘉彩印集团股份有限公司
1994,002192,融捷股份,融捷股份有限公司
1995,002193,山东如意,山东济宁如意毛纺织股份有限公司
1996,002194,武汉凡谷,武汉凡谷电子技术股份有限公司
1997,002195,二三四五,上海二三四五网络控股集团股份有限公司
1998,002196,方正电机,浙江方正电机股份有限公司
1999,002197,证通电子,深圳市证通电子股份有限公司
2000,002198,嘉应制药,广东嘉应制药股份有限公司
2001,002199,东晶电子,浙江东晶电子股份有限公司
2002,002200,云投生态,云南云投生态环境科技股份有限公司
2003,002201,九鼎新材,江苏九鼎新材料股份有限公司
2004,002202,金风科技,新疆金风科技股份有限公司
2005,002203,海亮股份,浙江海亮股份有限公司
2006,002204,大连重工,大连华锐重工集团股份有限公司
2007,002205,国统股份,新疆国统管道股份有限公司
2008,002206,海利得,浙江海利得新材料股份有限公司
2009,002207,准油股份,新疆准东石油技术股份有限公司
2010,002208,合肥城建,合肥城建发展股份有限公司
2011,002209,达意隆,广州达意隆包装机械股份有限公司
2012,002210,飞马国际,深圳市飞马国际供应链股份有限公司
2013,002211,宏达新材,江苏宏达新材料股份有限公司
2014,002212,南洋股份,广东南洋电缆集团股份有限公司
2015,002213,特尔佳,深圳市特尔佳科技股份有限公司
2016,002214,大立科技,浙江大立科技股份有限公司
2017,002215,诺普信,深圳诺普信农化股份有限公司
2018,002216,三全食品,三全食品股份有限公司
2019,002217,合力泰,合力泰科技股份有限公司
2020,002218,拓日新能,深圳市拓日新能源科技股份有限公司
2021,002219,恒康医疗,恒康医疗集团股份有限公司
2022,002220,天宝股份,大连天宝绿色食品股份有限公司
2023,002221,东华能源,东华能源股份有限公司
2024,002222,福晶科技,福建福晶科技股份有限公司
2025,002223,鱼跃医疗,江苏鱼跃医疗设备股份有限公司
2026,002224,三力士,三力士股份有限公司
2027,002225,濮耐股份,濮阳濮耐高温材料（集团）股份有限公司
2028,002226,江南化工,安徽江南化工股份有限公司
2029,002227,奥特迅,深圳奥特迅电力设备股份有限公司
2030,002228,合兴包装,厦门合兴包装印刷股份有限公司
2031,002229,鸿博股份,鸿博股份有限公司
2032,002230,科大讯飞,科大讯飞股份有限公司
2033,002231,奥维通信,奥维通信股份有限公司
2034,002232,启明信息,启明信息技术股份有限公司
2035,002233,塔牌集团,广东塔牌集团股份有限公司
2036,002234,民和股份,山东民和牧业股份有限公司
2037,002235,安妮股份,厦门安妮股份有限公司
2038,002236,大华股份,浙江大华技术股份有限公司
2039,002237,恒邦股份,山东恒邦冶炼股份有限公司
2040,002238,天威视讯,深圳市天威视讯股份有限公司
2041,002239,奥特佳,奥特佳新能源科技股份有限公司
2042,002240,威华股份,广东威华股份有限公司
2043,002241,歌尔声学,歌尔声学股份有限公司
2044,002242,九阳股份,九阳股份有限公司
2045,002243,通产丽星,深圳市通产丽星股份有限公司
2046,002244,滨江集团,杭州滨江房产集团股份有限公司
2047,002245,澳洋顺昌,江苏澳洋顺昌股份有限公司
2048,002246,北化股份,四川北方硝化棉股份有限公司
2049,002247,帝龙新材,浙江帝龙新材料股份有限公司
2050,002248,华东数控,威海华东数控股份有限公司
2051,002249,大洋电机,中山大洋电机股份有限公司
2052,002250,联化科技,联化科技股份有限公司
2053,002251,步步高,步步高商业连锁股份有限公司
2054,002252,上海莱士,上海莱士血液制品股份有限公司
2055,002253,川大智胜,四川川大智胜软件股份有限公司
2056,002254,泰和新材,烟台泰和新材料股份有限公司
2057,002255,海陆重工,苏州海陆重工股份有限公司
2058,002256,彩虹精化,深圳市彩虹精细化工股份有限公司
2059,002258,利尔化学,利尔化学股份有限公司
2060,002259,升达林业,四川升达林业产业股份有限公司
2061,002260,德奥通航,德奥通用航空股份有限公司
2062,002261,拓维信息,拓维信息系统股份有限公司
2063,002262,恩华药业,江苏恩华药业股份有限公司
2064,002263,大东南,浙江大东南股份有限公司
2065,002264,新华都,新华都购物广场股份有限公司
2066,002265,西仪股份,云南西仪工业股份有限公司
2067,002266,浙富控股,浙富控股集团股份有限公司
2068,002267,陕天然气,陕西省天然气股份有限公司
2069,002268,卫士通,成都卫士通信息产业股份有限公司
2070,002269,美邦服饰,上海美特斯邦威服饰股份有限公司
2071,002270,法因数控,山东法因数控机械股份有限公司
2072,002271,东方雨虹,北京东方雨虹防水技术股份有限公司
2073,002272,川润股份,四川川润股份有限公司
2074,002273,水晶光电,浙江水晶光电科技股份有限公司
2075,002274,华昌化工,江苏华昌化工股份有限公司
2076,002275,桂林三金,桂林三金药业股份有限公司
2077,002276,万马股份,浙江万马股份有限公司
2078,002277,友阿股份,湖南友谊阿波罗商业股份有限公司
2079,002278,神开股份,上海神开石油化工装备股份有限公司
2080,002279,久其软件,北京久其软件股份有限公司
2081,002280,联络互动,杭州联络互动信息科技股份有限公司
2082,002281,光迅科技,武汉光迅科技股份有限公司
2083,002282,博深工具,博深工具股份有限公司
2084,002283,天润曲轴,天润曲轴股份有限公司
2085,002284,亚太股份,浙江亚太机电股份有限公司
2086,002285,世联行,深圳世联行地产顾问股份有限公司
2087,002286,保龄宝,保龄宝生物股份有限公司
2088,002287,奇正藏药,西藏奇正藏药股份有限公司
2089,002288,超华科技,广东超华科技股份有限公司
2090,002289,宇顺电子,深圳市宇顺电子股份有限公司
2091,002290,禾盛新材,苏州禾盛新型材料股份有限公司
2092,002291,002291,佛山星期六鞋业股份有限公司
2093,002292,奥飞动漫,广东奥飞动漫文化股份有限公司
2094,002293,罗莱生活,罗莱生活科技股份有限公司
2095,002294,信立泰,深圳信立泰药业股份有限公司
2096,002295,精艺股份,广东精艺金属股份有限公司
2097,002296,辉煌科技,河南辉煌科技股份有限公司
2098,002297,博云新材,湖南博云新材料股份有限公司
2099,002298,中电鑫龙,安徽中电兴发与鑫龙科技股份有限公司
2100,002299,圣农发展,福建圣农发展股份有限公司
2101,002300,太阳电缆,福建南平太阳电缆股份有限公司
2102,002301,齐心集团,深圳齐心集团股份有限公司
2103,002302,西部建设,中建西部建设股份有限公司
2104,002303,美盈森,美盈森集团股份有限公司
2105,002304,洋河股份,江苏洋河酒厂股份有限公司
2106,002305,南国置业,武汉南国置业股份有限公司
2107,002306,*ST云网,中科云网科技集团股份有限公司
2108,002307,北新路桥,新疆北新路桥集团股份有限公司
2109,002308,威创股份,广东威创视讯科技股份有限公司
2110,002309,中利科技,中利科技集团股份有限公司
2111,002310,东方园林,北京东方园林生态股份有限公司
2112,002311,海大集团,广东海大集团股份有限公司
2113,002312,三泰控股,成都三泰控股集团股份有限公司
2114,002313,日海通讯,深圳日海通讯技术股份有限公司
2115,002314,南山控股,深圳市新南山控股（集团）股份有限公司
2116,002315,焦点科技,焦点科技股份有限公司
2117,002316,键桥通讯,深圳键桥通讯技术股份有限公司
2118,002317,众生药业,广东众生药业股份有限公司
2119,002318,久立特材,浙江久立特材科技股份有限公司
2120,002319,乐通股份,珠海市乐通化工股份有限公司
2121,002320,海峡股份,海南海峡航运股份有限公司
2122,002321,华英农业,河南华英农业发展股份有限公司
2123,002322,理工监测,宁波理工监测科技股份有限公司
2124,002323,雅百特,江苏雅百特科技股份有限公司
2125,002324,普利特,上海普利特复合材料股份有限公司
2126,002325,洪涛股份,深圳市洪涛装饰股份有限公司
2127,002326,永太科技,浙江永太科技股份有限公司
2128,002327,富安娜,深圳市富安娜家居用品股份有限公司
2129,002328,新朋股份,上海新朋实业股份有限公司
2130,002329,皇氏集团,皇氏集团股份有限公司
2131,002330,得利斯,山东得利斯食品股份有限公司
2132,002331,皖通科技,安徽皖通科技股份有限公司
2133,002332,仙琚制药,浙江仙琚制药股份有限公司
2134,002333,罗普斯金,苏州罗普斯金铝业股份有限公司
2135,002334,英威腾,深圳市英威腾电气股份有限公司
2136,002335,科华恒盛,厦门科华恒盛股份有限公司
2137,002336,人人乐,人人乐连锁商业集团股份有限公司
2138,002337,赛象科技,天津赛象科技股份有限公司
2139,002338,奥普光电,长春奥普光电技术股份有限公司
2140,002339,积成电子,积成电子股份有限公司
2141,002340,格林美,格林美股份有限公司
2142,002341,新纶科技,深圳市新纶科技股份有限公司
2143,002342,巨力索具,巨力索具股份有限公司
2144,002343,慈文传媒,慈文传媒股份有限公司
2145,002344,海宁皮城,海宁中国皮革城股份有限公司
2146,002345,潮宏基,广东潮宏基实业股份有限公司
2147,002346,柘中股份,上海柘中集团股份有限公司
2148,002347,泰尔重工,泰尔重工股份有限公司
2149,002348,高乐股份,广东高乐玩具股份有限公司
2150,002349,精华制药,精华制药集团股份有限公司
2151,002350,北京科锐,北京科锐配电自动化股份有限公司
2152,002351,漫步者,深圳市漫步者科技股份有限公司
2153,002352,顺丰控股,顺丰控股股份有限公司
2154,002353,杰瑞股份,烟台杰瑞石油服务集团股份有限公司
2155,002354,天神娱乐,大连天神娱乐股份有限公司
2156,002355,兴民钢圈,山东兴民钢圈股份有限公司
2157,002356,浩宁达,深圳浩宁达仪表股份有限公司
2158,002357,富临运业,四川富临运业集团股份有限公司
2159,002358,森源电气,河南森源电气股份有限公司
2160,002359,齐星铁塔,山东齐星铁塔科技股份有限公司
2161,002360,同德化工,山西同德化工股份有限公司
2162,002361,神剑股份,安徽神剑新材料股份有限公司
2163,002362,汉王科技,汉王科技股份有限公司
2164,002363,隆基机械,山东隆基机械股份有限公司
2165,002364,中恒电气,杭州中恒电气股份有限公司
2166,002365,永安药业,潜江永安药业股份有限公司
2167,002366,台海核电,台海玛努尔核电设备股份有限公司
2168,002367,康力电梯,康力电梯股份有限公司
2169,002368,太极股份,太极计算机股份有限公司
2170,002369,卓翼科技,深圳市卓翼科技股份有限公司
2171,002370,亚太药业,浙江亚太药业股份有限公司
2172,002371,七星电子,北京七星华创电子股份有限公司
2173,002372,伟星新材,浙江伟星新型建材股份有限公司
2174,002373,千方科技,北京千方科技股份有限公司
2175,002374,丽鹏股份,山东丽鹏股份有限公司
2176,002375,亚厦股份,浙江亚厦装饰股份有限公司
2177,002376,新北洋,山东新北洋信息技术股份有限公司
2178,002377,国创高新,湖北国创高新材料股份有限公司
2179,002378,章源钨业,崇义章源钨业股份有限公司
2180,002379,鲁丰环保,鲁丰环保科技股份有限公司
2181,002380,科远股份,南京科远自动化集团股份有限公司
2182,002381,双箭股份,浙江双箭橡胶股份有限公司
2183,002382,蓝帆医疗,蓝帆医疗股份有限公司
2184,002383,合众思壮,北京合众思壮科技股份有限公司
2185,002384,东山精密,苏州东山精密制造股份有限公司
2186,002385,大北农,北京大北农科技集团股份有限公司
2187,002386,天原集团,宜宾天原集团股份有限公司
2188,002387,黑牛食品,黑牛食品股份有限公司
2189,002388,新亚制程,深圳市新亚电子制程股份有限公司
2190,002389,南洋科技,浙江南洋科技股份有限公司
2191,002390,信邦制药,贵州信邦制药股份有限公司
2192,002391,长青股份,江苏长青农化股份有限公司
2193,002392,北京利尔,北京利尔高温材料股份有限公司
2194,002393,力生制药,天津力生制药股份有限公司
2195,002394,联发股份,江苏联发纺织股份有限公司
2196,002395,双象股份,无锡双象超纤材料股份有限公司
2197,002396,星网锐捷,福建星网锐捷通讯股份有限公司
2198,002397,梦洁家纺,湖南梦洁家纺股份有限公司
2199,002398,建研集团,厦门市建筑科学研究院集团股份有限公司
2200,002399,海普瑞,深圳市海普瑞药业股份有限公司
2201,002400,省广股份,广东省广告集团股份有限公司
2202,002401,中海科技,中海网络科技股份有限公司
2203,002402,和而泰,深圳和而泰智能控制股份有限公司
2204,002403,爱仕达,浙江爱仕达电器股份有限公司
2205,002404,嘉欣丝绸,浙江嘉欣丝绸股份有限公司
2206,002405,四维图新,北京四维图新科技股份有限公司
2207,002406,远东传动,许昌远东传动轴股份有限公司
2208,002407,多氟多,多氟多化工股份有限公司
2209,002408,齐翔腾达,淄博齐翔腾达化工股份有限公司
2210,002409,雅克科技,江苏雅克科技股份有限公司
2211,002410,广联达,广联达软件股份有限公司
2212,002411,九九久,江苏九九久科技股份有限公司
2213,002412,汉森制药,湖南汉森制药股份有限公司
2214,002413,雷科防务,江苏雷科防务科技股份有限公司
2215,002414,高德红外,武汉高德红外股份有限公司
2216,002415,海康威视,杭州海康威视数字技术股份有限公司
2217,002416,爱施德,深圳市爱施德股份有限公司
2218,002417,*ST元达,福建三元达通讯股份有限公司
2219,002418,康盛股份,浙江康盛股份有限公司
2220,002419,天虹商场,天虹商场股份有限公司
2221,002420,毅昌股份,广州毅昌科技股份有限公司
2222,002421,达实智能,深圳达实智能股份有限公司
2223,002422,科伦药业,四川科伦药业股份有限公司
2224,002423,中原特钢,中原特钢股份有限公司
2225,002424,贵州百灵,贵州百灵企业集团制药股份有限公司
2226,002425,凯撒股份,凯撒（中国）股份有限公司
2227,002426,胜利精密,苏州胜利精密制造科技股份有限公司
2228,002427,尤夫股份,浙江尤夫高新纤维股份有限公司
2229,002428,云南锗业,云南临沧鑫圆锗业股份有限公司
2230,002429,兆驰股份,深圳市兆驰股份有限公司
2231,002430,杭氧股份,杭州杭氧股份有限公司
2232,002431,棕榈园林,棕榈园林股份有限公司
2233,002432,九安医疗,天津九安医疗电子股份有限公司
2234,002433,太安堂,广东太安堂药业股份有限公司
2235,002434,万里扬,浙江万里扬股份有限公司
2236,002435,长江润发,长江润发机械股份有限公司
2237,002436,兴森科技,深圳市兴森快捷电路科技股份有限公司
2238,002437,誉衡药业,哈尔滨誉衡药业股份有限公司
2239,002438,江苏神通,江苏神通阀门股份有限公司
2240,002439,启明星辰,启明星辰信息技术集团股份有限公司
2241,002440,闰土股份,浙江闰土股份有限公司
2242,002441,众业达,众业达电气股份有限公司
2243,002442,龙星化工,龙星化工股份有限公司
2244,002443,金洲管道,浙江金洲管道科技股份有限公司
2245,002444,巨星科技,杭州巨星科技股份有限公司
2246,002445,中南文化,中南红文化集团股份有限公司
2247,002446,盛路通信,广东盛路通信科技股份有限公司
2248,002447,壹桥海参,大连壹桥海参股份有限公司
2249,002448,中原内配,中原内配集团股份有限公司
2250,002449,国星光电,佛山市国星光电股份有限公司
2251,002450,康得新,康得新集团股份有限公司
2252,002451,摩恩电气,上海摩恩电气股份有限公司
2253,002452,长高集团,湖南长高高压开关集团股份公司
2254,002453,天马精化,苏州天马精细化学品股份有限公司
2255,002454,松芝股份,上海加冷松芝汽车空调股份有限公司
2256,002455,百川股份,无锡百川化工股份有限公司
2257,002456,欧菲光,深圳欧菲光科技股份有限公司
2258,002457,青龙管业,宁夏青龙管业股份有限公司
2259,002458,益生股份,山东益生种畜禽股份有限公司
2260,002459,天业通联,秦皇岛天业通联重工股份有限公司
2261,002460,赣锋锂业,江西赣锋锂业股份有限公司
2262,002461,珠江啤酒,广州珠江啤酒股份有限公司
2263,002462,嘉事堂,嘉事堂药业股份有限公司
2264,002463,沪电股份,沪士电子股份有限公司
2265,002464,金利科技,昆山金利表面材料应用科技股份有限公司
2266,002465,海格通信,广州海格通信集团股份有限公司
2267,002466,天齐锂业,天齐锂业股份有限公司
2268,002467,二六三,二六三网络通信股份有限公司
2269,002468,艾迪西,浙江艾迪西流体控制股份有限公司
2270,002469,三维工程,山东三维石化工程股份有限公司
2271,002470,金正大,金正大生态工程集团股份有限公司
2272,002471,中超控股,江苏中超控股股份有限公司
2273,002472,双环传动,浙江双环传动机械股份有限公司
2274,002473,圣莱达,宁波圣莱达电器股份有限公司
2275,002474,榕基软件,福建榕基软件股份有限公司
2276,002475,立讯精密,立讯精密工业股份有限公司
2277,002476,宝莫股份,山东宝莫生物化工股份有限公司
2278,002477,雏鹰农牧,雏鹰农牧集团股份有限公司
2279,002478,常宝股份,江苏常宝钢管股份有限公司
2280,002479,富春环保,浙江富春江环保热电股份有限公司
2281,002480,新筑股份,成都市新筑路桥机械股份有限公司
2282,002481,双塔食品,烟台双塔食品股份有限公司
2283,002482,广田股份,深圳广田装饰集团股份有限公司
2284,002483,润邦股份,江苏润邦重工股份有限公司
2285,002484,江海股份,南通江海电容器股份有限公司
2286,002485,希努尔,希努尔男装股份有限公司
2287,002486,嘉麟杰,上海嘉麟杰纺织品股份有限公司
2288,002487,大金重工,辽宁大金重工股份有限公司
2289,002488,金固股份,浙江金固股份有限公司
2290,002489,浙江永强,浙江永强集团股份有限公司
2291,002490,山东墨龙,山东墨龙石油机械股份有限公司
2292,002491,通鼎互联,通鼎互联信息股份有限公司
2293,002492,恒基达鑫,珠海恒基达鑫国际化工仓储股份有限公司
2294,002493,荣盛石化,荣盛石化股份有限公司
2295,002494,华斯股份,华斯控股股份有限公司
2296,002495,佳隆股份,广东佳隆食品股份有限公司
2297,002496,辉丰股份,江苏辉丰农化股份有限公司
2298,002497,雅化集团,四川雅化实业集团股份有限公司
2299,002498,汉缆股份,青岛汉缆股份有限公司
2300,002499,科林环保,科林环保装备股份有限公司
2301,002500,山西证券,山西证券股份有限公司
2302,002501,利源精制,吉林利源精制股份有限公司
2303,002502,骅威股份,骅威科技股份有限公司
2304,002503,搜于特,搜于特集团股份有限公司
2305,002504,弘高创意,北京弘高创意建筑设计股份有限公司
2306,002505,大康牧业,湖南大康牧业股份有限公司
2307,002506,协鑫集成,协鑫集成科技股份有限公司
2308,002507,涪陵榨菜,重庆市涪陵榨菜集团股份有限公司
2309,002508,老板电器,杭州老板电器股份有限公司
2310,002509,天广消防,天广消防股份有限公司
2311,002510,天汽模,天津汽车模具股份有限公司
2312,002511,中顺洁柔,中顺洁柔纸业股份有限公司
2313,002512,达华智能,中山达华智能科技股份有限公司
2314,002513,蓝丰生化,江苏蓝丰生物化工股份有限公司
2315,002514,宝馨科技,苏州宝馨科技实业股份有限公司
2316,002515,金字火腿,金字火腿股份有限公司
2317,002516,旷达科技,旷达科技集团股份有限公司
2318,002517,恺英网络,恺英网络股份有限公司
2319,002518,科士达,深圳科士达科技股份有限公司
2320,002519,银河电子,江苏银河电子股份有限公司
2321,002520,日发精机,浙江日发精密机械股份有限公司
2322,002521,齐峰新材,齐峰新材料股份有限公司
2323,002522,浙江众成,浙江众成包装材料股份有限公司
2324,002523,天桥起重,株洲天桥起重机股份有限公司
2325,002524,光正集团,光正集团股份有限公司
2326,002526,山东矿机,山东矿机集团股份有限公司
2327,002527,新时达,上海新时达电气股份有限公司
2328,002528,英飞拓,深圳英飞拓科技股份有限公司
2329,002529,海源机械,福建海源自动化机械股份有限公司
2330,002530,丰东股份,江苏丰东热技术股份有限公司
2331,002531,天顺风能,天顺风能（苏州）股份有限公司
2332,002532,新界泵业,新界泵业集团股份有限公司
2333,002533,金杯电工,金杯电工股份有限公司
2334,002534,杭锅股份,杭州锅炉集团股份有限公司
2335,002535,林州重机,林州重机集团股份有限公司
2336,002536,西泵股份,河南省西峡汽车水泵股份有限公司
2337,002537,海立美达,青岛海立美达股份有限公司
2338,002538,司尔特,安徽省司尔特肥业股份有限公司
2339,002539,新都化工,成都市新都化工股份有限公司
2340,002540,亚太科技,江苏亚太轻合金科技股份有限公司
2341,002541,鸿路钢构,安徽鸿路钢结构(集团)股份有限公司
2342,002542,中化岩土,中化岩土工程股份有限公司
2343,002543,万和电气,广东万和新电气股份有限公司
2344,002544,杰赛科技,广州杰赛科技股份有限公司
2345,002545,东方铁塔,青岛东方铁塔股份有限公司
2346,002546,新联电子,南京新联电子股份有限公司
2347,002547,春兴精工,苏州春兴精工股份有限公司
2348,002548,金新农,深圳市金新农饲料股份有限公司
2349,002549,凯美特气,湖南凯美特气体股份有限公司
2350,002550,千红制药,常州千红生化制药股份有限公司
2351,002551,尚荣医疗,深圳市尚荣医疗股份有限公司
2352,002552,宝鼎科技,宝鼎科技股份有限公司
2353,002553,南方轴承,江苏南方轴承股份有限公司
2354,002554,惠博普,华油惠博普科技股份有限公司
2355,002555,三七互娱,芜湖顺荣三七互娱网络科技股份有限公司
2356,002556,辉隆股份,安徽辉隆农资集团股份有限公司
2357,002557,洽洽食品,洽洽食品股份有限公司
2358,002558,世纪游轮,重庆新世纪游轮股份有限公司
2359,002559,亚威股份,江苏亚威机床股份有限公司
2360,002560,通达股份,河南通达电缆股份有限公司
2361,002561,徐家汇,上海徐家汇商城股份有限公司
2362,002562,兄弟科技,兄弟科技股份有限公司
2363,002563,森马服饰,浙江森马服饰股份有限公司
2364,002564,天沃科技,苏州天沃科技股份有限公司
2365,002565,上海绿新,上海绿新包装材料科技股份有限公司
2366,002566,益盛药业,吉林省集安益盛药业股份有限公司
2367,002567,唐人神,唐人神集团股份有限公司
2368,002568,百润股份,上海百润投资控股集团股份有限公司
2369,002569,步森股份,浙江步森服饰股份有限公司
2370,002570,贝因美,贝因美婴童食品股份有限公司
2371,002571,德力股份,安徽德力日用玻璃股份有限公司
2372,002572,索菲亚,索菲亚家居股份有限公司
2373,002573,清新环境,北京清新环境技术股份有限公司
2374,002574,明牌珠宝,浙江明牌珠宝股份有限公司
2375,002575,群兴玩具,广东群兴玩具股份有限公司
2376,002576,通达动力,江苏通达动力科技股份有限公司
2377,002577,雷柏科技,深圳雷柏科技股份有限公司
2378,002578,闽发铝业,福建省闽发铝业股份有限公司
2379,002579,中京电子,惠州中京电子科技股份有限公司
2380,002580,圣阳股份,山东圣阳电源股份有限公司
2381,002581,未名医药,山东未名生物医药股份有限公司
2382,002582,好想你,好想你枣业股份有限公司
2383,002583,海能达,海能达通信股份有限公司
2384,002584,西陇科学,西陇科学股份有限公司
2385,002585,双星新材,江苏双星彩塑新材料股份有限公司
2386,002586,围海股份,浙江省围海建设集团股份有限公司
2387,002587,奥拓电子,深圳市奥拓电子股份有限公司
2388,002588,史丹利,史丹利化肥股份有限公司
2389,002589,瑞康医药,山东瑞康医药股份有限公司
2390,002590,万安科技,浙江万安科技股份有限公司
2391,002591,恒大高新,江西恒大高新技术股份有限公司
2392,002592,八菱科技,南宁八菱科技股份有限公司
2393,002593,日上集团,厦门日上集团股份有限公司
2394,002594,比亚迪,比亚迪股份有限公司
2395,002595,豪迈科技,山东豪迈机械科技股份有限公司
2396,002596,海南瑞泽,海南瑞泽新型建材股份有限公司
2397,002597,金禾实业,安徽金禾实业股份有限公司
2398,002598,山东章鼓,山东省章丘鼓风机股份有限公司
2399,002599,盛通股份,北京盛通印刷股份有限公司
2400,002600,江粉磁材,广东江粉磁材股份有限公司
2401,002601,佰利联,河南佰利联化学股份有限公司
2402,002602,世纪华通,浙江世纪华通集团股份有限公司
2403,002603,以岭药业,石家庄以岭药业股份有限公司
2404,002604,龙力生物,山东龙力生物科技股份有限公司
2405,002605,姚记扑克,上海姚记扑克股份有限公司
2406,002606,大连电瓷,大连电瓷集团股份有限公司
2407,002607,亚夏汽车,芜湖亚夏汽车股份有限公司
2408,002608,*ST舜船,江苏舜天船舶股份有限公司
2409,002609,捷顺科技,深圳市捷顺科技实业股份有限公司
2410,002610,爱康科技,江苏爱康科技股份有限公司
2411,002611,东方精工,广东东方精工科技股份有限公司
2412,002612,朗姿股份,朗姿股份有限公司
2413,002613,北玻股份,洛阳北方玻璃技术股份有限公司
2414,002614,蒙发利,厦门蒙发利科技(集团)股份有限公司
2415,002615,哈尔斯,浙江哈尔斯真空器皿股份有限公司
2416,002616,长青集团,广东长青（集团）股份有限公司
2417,002617,露笑科技,露笑科技股份有限公司
2418,002618,丹邦科技,深圳丹邦科技股份有限公司
2419,002619,巨龙管业,浙江巨龙管业股份有限公司
2420,002620,瑞和股份,深圳瑞和建筑装饰股份有限公司
2421,002621,三垒股份,大连三垒机器股份有限公司
2422,002622,永大集团,吉林永大集团股份有限公司
2423,002623,亚玛顿,常州亚玛顿股份有限公司
2424,002624,完美环球,完美环球娱乐股份有限公司
2425,002625,龙生股份,浙江龙生汽车部件股份有限公司
2426,002626,金达威,厦门金达威集团股份有限公司
2427,002627,宜昌交运,湖北宜昌交运集团股份有限公司
2428,002628,成都路桥,成都市路桥工程股份有限公司
2429,002629,仁智油服,四川仁智油田技术服务股份有限公司
2430,002630,华西能源,华西能源工业股份有限公司
2431,002631,德尔未来,德尔未来科技控股集团股份有限公司
2432,002632,道明光学,道明光学股份有限公司
2433,002633,*ST申科,申科滑动轴承股份有限公司
2434,002634,棒杰股份,浙江棒杰数码针织品股份有限公司
2435,002635,安洁科技,苏州安洁科技股份有限公司
2436,002636,金安国纪,金安国纪科技股份有限公司
2437,002637,赞宇科技,浙江赞宇科技股份有限公司
2438,002638,勤上光电,东莞勤上光电股份有限公司
2439,002639,雪人股份,福建雪人股份有限公司
2440,002640,跨境通,跨境通宝电子商务股份有限公司
2441,002641,永高股份,永高股份有限公司
2442,002642,荣之联,北京荣之联科技股份有限公司
2443,002643,万润股份,中节能万润股份有限公司
2444,002644,佛慈制药,兰州佛慈制药股份有限公司
2445,002645,华宏科技,江苏华宏科技股份有限公司
2446,002646,青青稞酒,青海互助青稞酒股份有限公司
2447,002647,宏磊股份,浙江宏磊铜业股份有限公司
2448,002648,卫星石化,浙江卫星石化股份有限公司
2449,002649,博彦科技,博彦科技股份有限公司
2450,002650,加加食品,加加食品集团股份有限公司
2451,002651,利君股份,成都利君实业股份有限公司
2452,002652,扬子新材,苏州扬子江新型材料股份有限公司
2453,002653,海思科,海思科医药集团股份有限公司
2454,002654,万润科技,深圳万润科技股份有限公司
2455,002655,共达电声,山东共达电声股份有限公司
2456,002656,卡奴迪路,广州卡奴迪路服饰股份有限公司
2457,002657,中科金财,北京中科金财科技股份有限公司
2458,002658,雪迪龙,北京雪迪龙科技股份有限公司
2459,002659,中泰桥梁,江苏中泰桥梁钢构股份有限公司
2460,002660,茂硕电源,茂硕电源科技股份有限公司
2461,002661,克明面业,克明面业股份有限公司
2462,002662,京威股份,北京威卡威汽车零部件股份有限公司
2463,002663,普邦园林,广州普邦园林股份有限公司
2464,002664,信质电机,信质电机股份有限公司
2465,002665,首航节能,北京首航艾启威节能技术股份有限公司
2466,002666,德联集团,广东德联集团股份有限公司
2467,002667,鞍重股份,鞍山重型矿山机器股份有限公司
2468,002668,奥马电器,广东奥马电器股份有限公司
2469,002669,康达新材,上海康达化工新材料股份有限公司
2470,002670,华声股份,广东华声电器股份有限公司
2471,002671,龙泉股份,山东龙泉管道工程股份有限公司
2472,002672,东江环保,东江环保股份有限公司
2473,002673,西部证券,西部证券股份有限公司
2474,002674,兴业科技,兴业皮革科技股份有限公司
2475,002675,东诚药业,烟台东诚药业集团股份有限公司
2476,002676,顺威股份,广东顺威精密塑料股份有限公司
2477,002677,浙江美大,浙江美大实业股份有限公司
2478,002678,珠江钢琴,广州珠江钢琴集团股份有限公司
2479,002679,福建金森,福建金森林业股份有限公司
2480,002680,黄海机械,连云港黄海机械股份有限公司
2481,002681,奋达科技,深圳市奋达科技股份有限公司
2482,002682,龙洲股份,福建龙洲运输股份有限公司
2483,002683,宏大爆破,广东宏大爆破股份有限公司
2484,002684,猛狮科技,广东猛狮新能源科技股份有限公司
2485,002685,华东重机,无锡华东重型机械股份有限公司
2486,002686,亿利达,浙江亿利达风机股份有限公司
2487,002687,乔治白,浙江乔治白服饰股份有限公司
2488,002688,金河生物,金河生物科技股份有限公司
2489,002689,远大智能,沈阳远大智能工业集团股份有限公司
2490,002690,美亚光电,合肥美亚光电技术股份有限公司
2491,002691,冀凯股份,冀凯装备制造股份有限公司
2492,002692,远程电缆,远程电缆股份有限公司
2493,002693,双成药业,海南双成药业股份有限公司
2494,002694,顾地科技,顾地科技股份有限公司
2495,002695,煌上煌,江西煌上煌集团食品股份有限公司
2496,002696,百洋股份,百洋产业投资集团股份有限公司
2497,002697,红旗连锁,成都红旗连锁股份有限公司
2498,002698,博实股份,哈尔滨博实自动化股份有限公司
2499,002699,美盛文化,美盛文化创意股份有限公司
2500,002700,新疆浩源,新疆浩源天然气股份有限公司
2501,002701,奥瑞金,奥瑞金包装股份有限公司
2502,002702,海欣食品,海欣食品股份有限公司
2503,002703,浙江世宝,浙江世宝股份有限公司
2504,002705,新宝股份,广东新宝电器股份有限公司
2505,002706,良信电器,上海良信电器股份有限公司
2506,002707,众信旅游,北京众信国际旅行社股份有限公司
2507,002708,光洋股份,常州光洋轴承股份有限公司
2508,002709,天赐材料,广州天赐高新材料股份有限公司
2509,002711,欧浦智网,欧浦智网股份有限公司
2510,002712,思美传媒,思美传媒股份有限公司
2511,002713,东易日盛,东易日盛家居装饰集团股份有限公司
2512,002714,牧原股份,牧原食品股份有限公司
2513,002715,登云股份,怀集登云汽配股份有限公司
2514,002716,金贵银业,郴州市金贵银业股份有限公司
2515,002717,岭南园林,岭南园林股份有限公司
2516,002718,友邦吊顶,浙江友邦集成吊顶股份有限公司
2517,002719,麦趣尔,麦趣尔集团股份有限公司
2518,002721,金一文化,北京金一文化发展股份有限公司
2519,002722,金轮股份,金轮蓝海股份有限公司
2520,002723,金莱特,广东金莱特电器股份有限公司
2521,002724,海洋王,海洋王照明科技股份有限公司
2522,002725,跃岭股份,浙江跃岭股份有限公司
2523,002726,龙大肉食,山东龙大肉食品股份有限公司
2524,002727,一心堂,云南鸿翔一心堂药业（集团）股份有限公司
2525,002728,台城制药,广东台城制药股份有限公司
2526,002729,好利来,好利来（中国）电子科技股份有限公司
2527,002730,电光科技,电光防爆科技股份有限公司
2528,002731,萃华珠宝,沈阳萃华金银珠宝股份有限公司
2529,002732,燕塘乳业,广东燕塘乳业股份有限公司
2530,002733,雄韬股份,深圳市雄韬电源科技股份有限公司
2531,002734,利民股份,利民化工股份有限公司
2532,002735,王子新材,深圳王子新材料股份有限公司
2533,002736,国信证券,国信证券股份有限公司
2534,002737,葵花药业,葵花药业集团股份有限公司
2535,002738,中矿资源,中矿资源勘探股份有限公司
2536,002739,万达院线,万达电影院线股份有限公司
2537,002740,爱迪尔,深圳市爱迪尔珠宝股份有限公司
2538,002741,光华科技,广东光华科技股份有限公司
2539,002742,三圣特材,重庆三圣特种建材股份有限公司
2540,002743,富煌钢构,安徽富煌钢构股份有限公司
2541,002745,木林森,木林森股份有限公司
2542,002746,仙坛股份,山东仙坛股份有限公司
2543,002747,埃斯顿,南京埃斯顿自动化股份有限公司
2544,002748,世龙实业,江西世龙实业股份有限公司
2545,002749,国光股份,四川国光农化股份有限公司
2546,002750,龙津药业,昆明龙津药业股份有限公司
2547,002751,易尚展示,深圳市易尚展示股份有限公司
2548,002752,昇兴股份,昇兴集团股份有限公司
2549,002753,永东股份,山西永东化工股份有限公司
2550,002755,东方新星,北京东方新星石化工程股份有限公司
2551,002756,永兴特钢,永兴特种不锈钢股份有限公司
2552,002757,南兴装备,东莞市南兴家具装备制造股份有限公司
2553,002758,华通医药,浙江华通医药股份有限公司
2554,002759,天际股份,广东天际电器股份有限公司
2555,002760,凤形股份,安徽省凤形耐磨材料股份有限公司
2556,002761,多喜爱,多喜爱家纺股份有限公司
2557,002762,金发拉比,金发拉比妇婴童用品股份有限公司
2558,002763,汇洁股份,深圳汇洁集团股份有限公司
2559,002765,蓝黛传动,重庆蓝黛动力传动机械股份有限公司
2560,002766,索菱股份,深圳市索菱实业股份有限公司
2561,002767,先锋电子,杭州先锋电子技术股份有限公司
2562,002768,国恩股份,青岛国恩科技股份有限公司
2563,002769,普路通,深圳市普路通供应链管理股份有限公司
2564,002770,科迪乳业,河南科迪乳业股份有限公司
2565,002771,真视通,北京真视通科技股份有限公司
2566,002772,众兴菌业,天水众兴菌业科技股份有限公司
2567,002773,康弘药业,成都康弘药业集团股份有限公司
2568,002775,文科园林,深圳文科园林股份有限公司
2569,002776,柏堡龙,广东柏堡龙股份有限公司
2570,002777,久远银海,四川久远银海软件股份有限公司
2571,002778,高科石化,江苏高科石化股份有限公司
2572,002779,中坚科技,浙江中坚科技股份有限公司
2573,002780,三夫户外,北京三夫户外用品股份有限公司
2574,002781,奇信股份,深圳市奇信建设集团股份有限公司
2575,002782,可立克,深圳可立克科技股份有限公司
2576,002783,凯龙股份,湖北凯龙化工集团股份有限公司
2577,002785,万里石,厦门万里石股份有限公司
2578,002786,银宝山新,深圳市银宝山新科技股份有限公司
2579,002787,华源包装,苏州华源包装股份有限公司
2580,002788,鹭燕医药,鹭燕（福建）药业股份有限公司
2581,002789,建艺集团,深圳市建艺装饰集团股份有限公司
2582,002790,瑞尔特,厦门瑞尔特卫浴科技股份有限公司
2583,300001,特锐德,青岛特锐德电气股份有限公司
2584,300002,神州泰岳,北京神州泰岳软件股份有限公司
2585,300003,乐普医疗,乐普医疗器械股份有限公司
2586,300004,南风股份,南方风机股份有限公司
2587,300005,探路者,探路者控股集团股份有限公司
2588,300006,莱美药业,重庆莱美药业股份有限公司
2589,300007,汉威电子,河南汉威电子股份有限公司
2590,300008,上海佳豪,上海佳豪船舶工程设计股份有限公司
2591,300009,安科生物,安徽安科生物工程股份有限公司
2592,300010,立思辰,北京立思辰科技股份有限公司
2593,300011,鼎汉技术,北京鼎汉技术股份有限公司
2594,300012,华测检测,华测检测认证集团股份有限公司
2595,300013,新宁物流,江苏新宁现代物流股份有限公司
2596,300014,亿纬锂能,惠州亿纬锂能股份有限公司
2597,300015,爱尔眼科,爱尔眼科医院集团股份有限公司
2598,300016,北陆药业,北京北陆药业股份有限公司
2599,300017,网宿科技,网宿科技股份有限公司
2600,300018,中元华电,武汉中元华电科技股份有限公司
2601,300019,硅宝科技,成都硅宝科技股份有限公司
2602,300020,银江股份,银江股份有限公司
2603,300021,大禹节水,大禹节水集团股份有限公司
2604,300022,吉峰农机,吉峰农机连锁股份有限公司
2605,300023,宝德股份,西安宝德自动化股份有限公司
2606,300024,300024,沈阳新松机器人自动化股份有限公司
2607,300025,华星创业,杭州华星创业通信技术股份有限公司
2608,300026,红日药业,天津红日药业股份有限公司
2609,300027,华谊兄弟,华谊兄弟传媒股份有限公司
2610,300028,金亚科技,金亚科技股份有限公司
2611,300029,天龙光电,江苏华盛天龙光电设备股份有限公司
2612,300030,阳普医疗,广州阳普医疗科技股份有限公司
2613,300031,宝通科技,无锡宝通科技股份有限公司
2614,300032,金龙机电,金龙机电股份有限公司
2615,300033,同花顺,浙江核新同花顺网络信息股份有限公司
2616,300034,钢研高纳,北京钢研高纳科技股份有限公司
2617,300035,中科电气,湖南中科电气股份有限公司
2618,300036,超图软件,北京超图软件股份有限公司
2619,300037,新宙邦,深圳新宙邦科技股份有限公司
2620,300038,梅泰诺,北京梅泰诺通信技术股份有限公司
2621,300039,上海凯宝,上海凯宝药业股份有限公司
2622,300040,九洲电气,哈尔滨九洲电气股份有限公司
2623,300041,回天新材,湖北回天新材料股份有限公司
2624,300042,朗科科技,深圳市朗科科技股份有限公司
2625,300043,互动娱乐,星辉互动娱乐股份有限公司
2626,300044,赛为智能,深圳市赛为智能股份有限公司
2627,300045,华力创通,北京华力创通科技股份有限公司
2628,300046,台基股份,湖北台基半导体股份有限公司
2629,300047,天源迪科,深圳天源迪科信息技术股份有限公司
2630,300048,合康变频,北京合康亿盛变频科技股份有限公司
2631,300049,福瑞股份,内蒙古福瑞医疗科技股份有限公司
2632,300050,世纪鼎利,珠海世纪鼎利科技股份有限公司
2633,300051,三五互联,厦门三五互联科技股份有限公司
2634,300052,中青宝,深圳中青宝互动网络股份有限公司
2635,300053,欧比特,珠海欧比特控制工程股份有限公司
2636,300054,鼎龙股份,湖北鼎龙化学股份有限公司
2637,300055,万邦达,北京万邦达环保技术股份有限公司
2638,300056,三维丝,厦门三维丝环保股份有限公司
2639,300057,万顺股份,汕头万顺包装材料股份有限公司
2640,300058,蓝色光标,北京蓝色光标品牌管理顾问股份有限公司
2641,300059,东方财富,东方财富信息股份有限公司
2642,300061,康耐特,上海康耐特光学股份有限公司
2643,300062,中能电气,中能电气股份有限公司
2644,300063,天龙集团,广东天龙油墨集团股份有限公司
2645,300064,豫金刚石,郑州华晶金刚石股份有限公司
2646,300065,海兰信,北京海兰信数据科技股份有限公司
2647,300066,三川智慧,三川智慧科技股份有限公司
2648,300067,安诺其,上海安诺其集团股份有限公司
2649,300068,南都电源,浙江南都电源动力股份有限公司
2650,300069,金利华电,浙江金利华电气股份有限公司
2651,300070,碧水源,北京碧水源科技股份有限公司
2652,300071,华谊嘉信,北京华谊嘉信整合营销顾问集团股份有限公司
2653,300072,三聚环保,北京三聚环保新材料股份有限公司
2654,300073,当升科技,北京当升材料科技股份有限公司
2655,300074,华平股份,华平信息技术股份有限公司
2656,300075,数字政通,北京数字政通科技股份有限公司
2657,300076,GQY视讯,宁波GQY视讯股份有限公司
2658,300077,国民技术,国民技术股份有限公司
2659,300078,思创医惠,思创医惠科技股份有限公司
2660,300079,数码视讯,北京数码视讯科技股份有限公司
2661,300080,易成新能,河南易成新能源股份有限公司
2662,300081,恒信移动,恒信移动商务股份有限公司
2663,300082,奥克股份,辽宁奥克化学股份有限公司
2664,300083,劲胜精密,东莞劲胜精密组件股份有限公司
2665,300084,海默科技,兰州海默科技股份有限公司
2666,300085,银之杰,深圳市银之杰科技股份有限公司
2667,300086,康芝药业,海南康芝药业股份有限公司
2668,300087,荃银高科,安徽荃银高科种业股份有限公司
2669,300088,长信科技,芜湖长信科技股份有限公司
2670,300089,文化长城,广东文化长城集团股份有限公司
2671,300090,盛运环保,安徽盛运环保（集团）股份有限公司
2672,300091,金通灵,江苏金通灵流体机械科技股份有限公司
2673,300092,科新机电,四川科新机电股份有限公司
2674,300093,金刚玻璃,广东金刚玻璃科技股份有限公司
2675,300094,国联水产,湛江国联水产开发股份有限公司
2676,300095,华伍股份,江西华伍制动器股份有限公司
2677,300096,易联众,易联众信息技术股份有限公司
2678,300097,智云股份,大连智云自动化装备股份有限公司
2679,300098,高新兴,高新兴科技集团股份有限公司
2680,300099,尤洛卡,尤洛卡矿业安全工程股份有限公司
2681,300100,双林股份,宁波双林汽车部件股份有限公司
2682,300101,振芯科技,成都振芯科技股份有限公司
2683,300102,干照光电,厦门干照光电股份有限公司
2684,300103,达刚路机,西安达刚路面机械股份有限公司
2685,300104,乐视网,乐视网信息技术（北京）股份有限公司
2686,300105,龙源技术,烟台龙源电力技术股份有限公司
2687,300106,西部牧业,新疆西部牧业股份有限公司
2688,300107,建新股份,河北建新化工股份有限公司
2689,300108,双龙股份,通化双龙化工股份有限公司
2690,300109,新开源,博爱新开源制药股份有限公司
2691,300110,华仁药业,华仁药业股份有限公司
2692,300111,300111,浙江向日葵光能科技股份有限公司
2693,300112,万讯自控,深圳万讯自控股份有限公司
2694,300113,顺网科技,杭州顺网科技股份有限公司
2695,300114,中航电测,中航电测仪器股份有限公司
2696,300115,长盈精密,深圳市长盈精密技术股份有限公司
2697,300116,坚瑞消防,陕西坚瑞消防股份有限公司
2698,300117,嘉寓股份,北京嘉寓门窗幕墙股份有限公司
2699,300118,东方日升,东方日升新能源股份有限公司
2700,300119,瑞普生物,天津瑞普生物技术股份有限公司
2701,300120,经纬电材,天津经纬电材股份有限公司
2702,300121,阳谷华泰,山东阳谷华泰化工股份有限公司
2703,300122,智飞生物,重庆智飞生物制品股份有限公司
2704,300123,太阳鸟,太阳鸟游艇股份有限公司
2705,300124,汇川技术,深圳市汇川技术股份有限公司
2706,300125,易世达,大连易世达新能源发展股份有限公司
2707,300126,锐奇股份,锐奇控股股份有限公司
2708,300127,银河磁体,成都银河磁体股份有限公司
2709,300128,锦富新材,苏州锦富新材料股份有限公司
2710,300129,泰胜风能,上海泰胜风能装备股份有限公司
2711,300130,新国都,深圳市新国都技术股份有限公司
2712,300131,英唐智控,深圳市英唐智能控制股份有限公司
2713,300132,青松股份,福建青松股份有限公司
2714,300133,华策影视,浙江华策影视股份有限公司
2715,300134,大富科技,深圳市大富科技股份有限公司
2716,300135,宝利国际,江苏宝利国际投资股份有限公司
2717,300136,信维通信,深圳市信维通信股份有限公司
2718,300137,先河环保,河北先河环保科技股份有限公司
2719,300138,晨光生物,晨光生物科技集团股份有限公司
2720,300139,晓程科技,北京晓程科技股份有限公司
2721,300140,启源装备,西安启源机电装备股份有限公司
2722,300141,和顺电气,苏州工业园区和顺电气股份有限公司
2723,300142,沃森生物,云南沃森生物技术股份有限公司
2724,300143,星河生物,广东星河生物科技股份有限公司
2725,300144,宋城演艺,宋城演艺发展股份有限公司
2726,300145,南方泵业,南方泵业股份有限公司
2727,300146,汤臣倍健,汤臣倍健股份有限公司
2728,300147,香雪制药,广州市香雪制药股份有限公司
2729,300148,天舟文化,天舟文化股份有限公司
2730,300149,量子高科,量子高科（中国）生物股份有限公司
2731,300150,世纪瑞尔,北京世纪瑞尔技术股份有限公司
2732,300151,昌红科技,深圳市昌红科技股份有限公司
2733,300152,科融环境,徐州科融环境资源股份有限公司
2734,300153,科泰电源,上海科泰电源股份有限公司
2735,300154,瑞凌股份,深圳市瑞凌实业股份有限公司
2736,300155,安居宝,广东安居宝数码科技股份有限公司
2737,300156,神雾环保,神雾环保技术股份有限公司
2738,300157,恒泰艾普,恒泰艾普石油天然气技术服务股份有限公司
2739,300158,振东制药,山西振东制药股份有限公司
2740,300159,新研股份,新疆机械研究院股份有限公司
2741,300160,秀强股份,江苏秀强玻璃工艺股份有限公司
2742,300161,华中数控,武汉华中数控股份有限公司
2743,300162,雷曼股份,深圳雷曼光电科技股份有限公司
2744,300163,先锋新材,宁波先锋新材料股份有限公司
2745,300164,通源石油,西安通源石油科技股份有限公司
2746,300165,天瑞仪器,江苏天瑞仪器股份有限公司
2747,300166,东方国信,北京东方国信科技股份有限公司
2748,300167,迪威视讯,深圳市迪威视讯股份有限公司
2749,300168,万达信息,万达信息股份有限公司
2750,300169,天晟新材,常州天晟新材料股份有限公司
2751,300170,汉得信息,上海汉得信息技术股份有限公司
2752,300171,东富龙,上海东富龙科技股份有限公司
2753,300172,中电环保,中电环保股份有限公司
2754,300173,智慧松德,松德智慧装备股份有限公司
2755,300174,元力股份,福建元力活性炭股份有限公司
2756,300175,朗源股份,朗源股份有限公司
2757,300176,鸿特精密,广东鸿特精密技术股份有限公司
2758,300177,中海达,广州中海达卫星导航技术股份有限公司
2759,300178,腾邦国际,深圳市腾邦国际商业服务股份有限公司
2760,300179,四方达,河南四方达超硬材料股份有限公司
2761,300180,华峰超纤,上海华峰超纤材料股份有限公司
2762,300181,佐力药业,浙江佐力药业股份有限公司
2763,300182,捷成股份,北京捷成世纪科技股份有限公司
2764,300183,东软载波,青岛东软载波科技股份有限公司
2765,300184,力源信息,武汉力源信息技术股份有限公司
2766,300185,通裕重工,通裕重工股份有限公司
2767,300187,永清环保,永清环保股份有限公司
2768,300188,美亚柏科,厦门市美亚柏科信息股份有限公司
2769,300189,神农基因,海南神农基因科技股份有限公司
2770,300190,维尔利,江苏维尔利环保科技股份有限公司
2771,300191,潜能恒信,潜能恒信能源技术股份有限公司
2772,300192,科斯伍德,苏州科斯伍德油墨股份有限公司
2773,300193,佳士科技,深圳市佳士科技股份有限公司
2774,300194,福安药业,福安药业（集团）股份有限公司
2775,300195,长荣股份,天津长荣印刷设备股份有限公司
2776,300196,长海股份,江苏长海复合材料股份有限公司
2777,300197,铁汉生态,深圳市铁汉生态环境股份有限公司
2778,300198,纳川股份,福建纳川管材科技股份有限公司
2779,300199,翰宇药业,深圳翰宇药业股份有限公司
2780,300200,高盟新材,北京高盟新材料股份有限公司
2781,300201,海伦哲,徐州海伦哲专用车辆股份有限公司
2782,300202,聚龙股份,聚龙股份有限公司
2783,300203,聚光科技,聚光科技（杭州）股份有限公司
2784,300204,舒泰神,舒泰神(北京)生物制药股份有限公司
2785,300205,天喻信息,武汉天喻信息产业股份有限公司
2786,300206,理邦仪器,深圳市理邦精密仪器股份有限公司
2787,300207,欣旺达,欣旺达电子股份有限公司
2788,300208,恒顺众昇,青岛市恒顺众昇集团股份有限公司
2789,300209,天泽信息,天泽信息产业股份有限公司
2790,300210,森远股份,鞍山森远路桥股份有限公司
2791,300211,亿通科技,江苏亿通高科技股份有限公司
2792,300212,易华录,北京易华录信息技术股份有限公司
2793,300213,佳讯飞鸿,北京佳讯飞鸿电气股份有限公司
2794,300214,日科化学,山东日科化学股份有限公司
2795,300215,电科院,苏州电器科学研究院股份有限公司
2796,300216,千山药机,湖南千山制药机械股份有限公司
2797,300217,东方电热,镇江东方电热科技股份有限公司
2798,300218,安利股份,安徽安利材料科技股份有限公司
2799,300219,鸿利光电,广州市鸿利光电股份有限公司
2800,300220,金运激光,武汉金运激光股份有限公司
2801,300221,银禧科技,广东银禧科技股份有限公司
2802,300222,科大智能,科大智能科技股份有限公司
2803,300223,北京君正,北京君正集成电路股份有限公司
2804,300224,正海磁材,烟台正海磁性材料股份有限公司
2805,300225,金力泰,上海金力泰化工股份有限公司
2806,300226,上海钢联,上海钢联电子商务股份有限公司
2807,300227,光韵达,深圳光韵达光电科技股份有限公司
2808,300228,富瑞特装,张家港富瑞特种装备股份有限公司
2809,300229,拓尔思,北京拓尔思信息技术股份有限公司
2810,300230,永利股份,上海永利带业股份有限公司
2811,300231,银信科技,北京银信长远科技股份有限公司
2812,300232,洲明科技,深圳市洲明科技股份有限公司
2813,300233,金城医药,山东金城医药化工股份有限公司
2814,300234,开尔新材,浙江开尔新材料股份有限公司
2815,300235,方直科技,深圳市方直科技股份有限公司
2816,300236,上海新阳,上海新阳半导体材料股份有限公司
2817,300237,美晨科技,山东美晨科技股份有限公司
2818,300238,冠昊生物,冠昊生物科技股份有限公司
2819,300239,东宝生物,包头东宝生物技术股份有限公司
2820,300240,飞力达,江苏飞力达国际物流股份有限公司
2821,300241,瑞丰光电,深圳市瑞丰光电子股份有限公司
2822,300242,明家科技,广东明家科技股份有限公司
2823,300243,瑞丰高材,山东瑞丰高分子材料股份有限公司
2824,300244,迪安诊断,浙江迪安诊断技术股份有限公司
2825,300245,天玑科技,上海天玑科技股份有限公司
2826,300246,宝莱特,广东宝莱特医用科技股份有限公司
2827,300247,乐金健康,安徽乐金健康科技股份有限公司
2828,300248,新开普,新开普电子股份有限公司
2829,300249,依米康,四川依米康环境科技股份有限公司
2830,300250,初灵信息,杭州初灵信息技术股份有限公司
2831,300251,光线传媒,北京光线传媒股份有限公司
2832,300252,金信诺,深圳金信诺高新技术股份有限公司
2833,300253,卫宁健康,卫宁健康科技集团股份有限公司
2834,300254,仟源医药,山西仟源医药集团股份有限公司
2835,300255,常山药业,河北常山生化药业股份有限公司
2836,300256,星星科技,浙江星星科技股份有限公司
2837,300257,开山股份,浙江开山压缩机股份有限公司
2838,300258,精锻科技,江苏太平洋精锻科技股份有限公司
2839,300259,新天科技,新天科技股份有限公司
2840,300260,新莱应材,昆山新莱洁净应用材料股份有限公司
2841,300261,雅本化学,雅本化学股份有限公司
2842,300262,巴安水务,上海巴安水务股份有限公司
2843,300263,隆华节能,洛阳隆华传热节能股份有限公司
2844,300264,佳创视讯,深圳市佳创视讯技术股份有限公司
2845,300265,通光线缆,江苏通光电子线缆股份有限公司
2846,300266,兴源环境,兴源环境科技股份有限公司
2847,300267,尔康制药,湖南尔康制药股份有限公司
2848,300268,万福生科,万福生科（湖南）农业开发股份有限公司
2849,300269,联建光电,深圳市联建光电股份有限公司
2850,300270,中威电子,杭州中威电子股份有限公司
2851,300271,华宇软件,北京华宇软件股份有限公司
2852,300272,开能环保,上海开能环保设备股份有限公司
2853,300273,和佳股份,珠海和佳医疗设备股份有限公司
2854,300274,阳光电源,阳光电源股份有限公司
2855,300275,梅安森,重庆梅安森科技股份有限公司
2856,300276,三丰智能,湖北三丰智能输送装备股份有限公司
2857,300277,海联讯,深圳海联讯科技股份有限公司
2858,300278,华昌达,湖北华昌达智能装备股份有限公司
2859,300279,和晶科技,无锡和晶科技股份有限公司
2860,300280,南通锻压,南通锻压设备股份有限公司
2861,300281,金明精机,广东金明精机股份有限公司
2862,300282,汇冠股份,北京汇冠新技术股份有限公司
2863,300283,温州宏丰,温州宏丰电工合金股份有限公司
2864,300284,苏交科,苏交科集团股份有限公司
2865,300285,国瓷材料,山东国瓷功能材料股份有限公司
2866,300286,安科瑞,安科瑞电气股份有限公司
2867,300287,飞利信,北京飞利信科技股份有限公司
2868,300288,朗玛信息,贵阳朗玛信息技术股份有限公司
2869,300289,利德曼,北京利德曼生化股份有限公司
2870,300290,荣科科技,荣科科技股份有限公司
2871,300291,华录百纳,北京华录百纳影视股份有限公司
2872,300292,吴通控股,吴通控股集团股份有限公司
2873,300293,蓝英装备,沈阳蓝英工业自动化装备股份有限公司
2874,300294,博雅生物,江西博雅生物制药股份有限公司
2875,300295,三六五网,江苏三六五网络股份有限公司
2876,300296,利亚德,利亚德光电股份有限公司
2877,300297,蓝盾股份,蓝盾信息安全技术股份有限公司
2878,300298,三诺生物,三诺生物传感股份有限公司
2879,300299,富春通信,富春通信股份有限公司
2880,300300,汉鼎股份,汉鼎信息科技股份有限公司
2881,300301,长方集团,深圳市长方集团股份有限公司
2882,300302,同有科技,北京同有飞骥科技股份有限公司
2883,300303,聚飞光电,深圳市聚飞光电股份有限公司
2884,300304,云意电气,江苏云意电气股份有限公司
2885,300305,裕兴股份,江苏裕兴薄膜科技股份有限公司
2886,300306,远方光电,杭州远方光电信息股份有限公司
2887,300307,慈星股份,宁波慈星股份有限公司
2888,300308,中际装备,山东中际电工装备股份有限公司
2889,300309,吉艾科技,吉艾科技（北京）股份公司
2890,300310,宜通世纪,广东宜通世纪科技股份有限公司
2891,300311,任子行,任子行网络技术股份有限公司
2892,300312,邦讯技术,邦讯技术股份有限公司
2893,300313,天山生物,新疆天山畜牧生物工程股份有限公司
2894,300314,戴维医疗,宁波戴维医疗器械股份有限公司
2895,300315,掌趣科技,北京掌趣科技股份有限公司
2896,300316,晶盛机电,浙江晶盛机电股份有限公司
2897,300317,珈伟股份,深圳珈伟光伏照明股份有限公司
2898,300318,博晖创新,北京博晖创新光电技术股份有限公司
2899,300319,麦捷科技,深圳市麦捷微电子科技股份有限公司
2900,300320,海达股份,江阴海达橡塑股份有限公司
2901,300321,同大股份,山东同大海岛新材料股份有限公司
2902,300322,硕贝德,惠州硕贝德无线科技股份有限公司
2903,300323,华灿光电,华灿光电股份有限公司
2904,300324,旋极信息,北京旋极信息技术股份有限公司
2905,300325,德威新材,江苏德威新材料股份有限公司
2906,300326,凯利泰,上海凯利泰医疗科技股份有限公司
2907,300327,中颖电子,中颖电子股份有限公司
2908,300328,宜安科技,东莞宜安科技股份有限公司
2909,300329,海伦钢琴,海伦钢琴股份有限公司
2910,300330,华虹计通,上海华虹计通智能系统股份有限公司
2911,300331,苏大维格,苏州苏大维格光电科技股份有限公司
2912,300332,天壕环境,天壕环境股份有限公司
2913,300333,兆日科技,深圳兆日科技股份有限公司
2914,300334,津膜科技,天津膜天膜科技股份有限公司
2915,300335,迪森股份,广州迪森热能技术股份有限公司
2916,300336,新文化,上海新文化传媒集团股份有限公司
2917,300337,银邦股份,银邦金属复合材料股份有限公司
2918,300338,开元仪器,长沙开元仪器股份有限公司
2919,300339,润和软件,江苏润和软件股份有限公司
2920,300340,科恒股份,江门市科恒实业股份有限公司
2921,300341,麦迪电气,麦克奥迪（厦门）电气股份有限公司
2922,300342,天银机电,常熟市天银机电股份有限公司
2923,300343,联创股份,山东联创节能新材料股份有限公司
2924,300344,太空板业,北京太空板业股份有限公司
2925,300345,红宇新材,湖南红宇耐磨新材料股份有限公司
2926,300346,南大光电,江苏南大光电材料股份有限公司
2927,300347,泰格医药,杭州泰格医药科技股份有限公司
2928,300348,长亮科技,深圳市长亮科技股份有限公司
2929,300349,金卡股份,金卡高科技股份有限公司
2930,300350,华鹏飞,深圳市华鹏飞现代物流股份有限公司
2931,300351,永贵电器,浙江永贵电器股份有限公司
2932,300352,北信源,北京北信源软件股份有限公司
2933,300353,东土科技,北京东土科技股份有限公司
2934,300354,东华测试,江苏东华测试技术股份有限公司
2935,300355,蒙草抗旱,内蒙古和信园蒙草抗旱绿化股份有限公司
2936,300356,光一科技,光一科技股份有限公司
2937,300357,我武生物,浙江我武生物科技股份有限公司
2938,300358,楚天科技,楚天科技股份有限公司
2939,300359,全通教育,广东全通教育股份有限公司
2940,300360,炬华科技,杭州炬华科技股份有限公司
2941,300362,天翔环境,成都天翔环境股份有限公司
2942,300363,博腾股份,重庆博腾制药科技股份有限公司
2943,300364,中文在线,中文在线数字出版集团股份有限公司
2944,300365,恒华科技,北京恒华伟业科技股份有限公司
2945,300366,创意信息,四川创意信息技术股份有限公司
2946,300367,东方网力,东方网力科技股份有限公司
2947,300368,汇金股份,河北汇金机电股份有限公司
2948,300369,绿盟科技,北京神州绿盟信息安全科技股份有限公司
2949,300370,安控科技,北京安控科技股份有限公司
2950,300371,汇中股份,汇中仪表股份有限公司
2951,300372,欣泰电气,丹东欣泰电气股份有限公司
2952,300373,扬杰科技,扬州扬杰电子科技股份有限公司
2953,300374,恒通科技,北京恒通创新赛木科技股份有限公司
2954,300375,鹏翎股份,天津鹏翎胶管股份有限公司
2955,300376,易事特,易事特集团股份有限公司
2956,300377,赢时胜,深圳市赢时胜信息技术股份有限公司
2957,300378,鼎捷软件,鼎捷软件股份有限公司
2958,300379,东方通,北京东方通科技股份有限公司
2959,300380,安硕信息,上海安硕信息技术股份有限公司
2960,300381,溢多利,广东溢多利生物科技股份有限公司
2961,300382,斯莱克,苏州斯莱克精密设备股份有限公司
2962,300383,光环新网,北京光环新网科技股份有限公司
2963,300384,三联虹普,北京三联虹普新合纤技术服务股份有限公司
2964,300385,雪浪环境,无锡雪浪环境科技股份有限公司
2965,300386,飞天诚信,飞天诚信科技股份有限公司
2966,300387,富邦股份,湖北富邦科技股份有限公司
2967,300388,国祯环保,安徽国祯环保节能科技股份有限公司
2968,300389,艾比森,深圳市艾比森光电股份有限公司
2969,300390,天华超净,苏州天华超净科技股份有限公司
2970,300391,康跃科技,康跃科技股份有限公司
2971,300392,腾信股份,北京腾信创新网络营销技术股份有限公司
2972,300393,中来股份,苏州中来光伏新材股份有限公司
2973,300394,天孚通信,苏州天孚光通信股份有限公司
2974,300395,菲利华,湖北菲利华石英玻璃股份有限公司
2975,300396,迪瑞医疗,长春迪瑞医疗科技股份有限公司
2976,300397,天和防务,西安天和防务技术股份有限公司
2977,300398,飞凯材料,上海飞凯光电材料股份有限公司
2978,300399,京天利,北京无线天利移动信息技术股份有限公司
2979,300400,劲拓股份,深圳市劲拓自动化设备股份有限公司
2980,300401,花园生物,浙江花园生物高科股份有限公司
2981,300402,宝色股份,南京宝色股份公司
2982,300403,地尔汉宇,江门市地尔汉宇电器股份有限公司
2983,300404,博济医药,广州博济医药生物技术股份有限公司
2984,300405,科隆精化,辽宁科隆精细化工股份有限公司
2985,300406,九强生物,北京九强生物技术股份有限公司
2986,300407,凯发电气,天津凯发电气股份有限公司
2987,300408,三环集团,潮州三环（集团）股份有限公司
2988,300409,道氏技术,广东道氏技术股份有限公司
2989,300410,正业科技,广东正业科技股份有限公司
2990,300411,金盾股份,浙江金盾风机股份有限公司
2991,300412,迦南科技,浙江迦南科技股份有限公司
2992,300413,快乐购,快乐购物股份有限公司
2993,300414,中光防雷,四川中光防雷科技股份有限公司
2994,300415,伊之密,广东伊之密精密机械股份有限公司
2995,300416,苏试试验,苏州苏试试验仪器股份有限公司
2996,300417,南华仪器,佛山市南华仪器股份有限公司
2997,300418,昆仑万维,北京昆仑万维科技股份有限公司
2998,300419,浩丰科技,北京浩丰创源科技股份有限公司
2999,300420,五洋科技,徐州五洋科技股份有限公司
3000,300421,力星股份,江苏力星通用钢球股份有限公司
3001,300422,博世科,广西博世科环保科技股份有限公司
3002,300423,鲁亿通,山东鲁亿通智能电气股份有限公司
3003,300424,航新科技,广州航新航空科技股份有限公司
3004,300425,环能科技,四川环能德美科技股份有限公司
3005,300426,唐德影视,浙江唐德影视股份有限公司
3006,300427,红相电力,厦门红相电力设备股份有限公司
3007,300428,四通新材,河北四通新型金属材料股份有限公司
3008,300429,强力新材,常州强力电子新材料股份有限公司
3009,300430,诚益通,北京诚益通控制工程科技股份有限公司
3010,300431,暴风科技,北京暴风科技股份有限公司
3011,300432,富临精工,绵阳富临精工机械股份有限公司
3012,300433,蓝思科技,蓝思科技股份有限公司
3013,300434,金石东方,四川金石东方新材料设备股份有限公司
3014,300435,中泰股份,杭州中泰深冷技术股份有限公司
3015,300436,广生堂,福建广生堂药业股份有限公司
3016,300437,清水源,河南清水源科技股份有限公司
3017,300438,鹏辉能源,广州鹏辉能源科技股份有限公司
3018,300439,美康生物,宁波美康生物科技股份有限公司
3019,300440,运达科技,成都运达科技股份有限公司
3020,300441,鲍斯股份,宁波鲍斯能源装备股份有限公司
3021,300442,普丽盛,上海普丽盛包装股份有限公司
3022,300443,金雷风电,山东莱芜金雷风电科技股份有限公司
3023,300444,双杰电气,北京双杰电气股份有限公司
3024,300445,康斯特,北京康斯特仪表科技股份有限公司
3025,300446,乐凯新材,保定乐凯新材料股份有限公司
3026,300447,全信股份,南京全信传输科技股份有限公司
3027,300448,浩云科技,广州市浩云安防科技股份有限公司
3028,300449,汉邦高科,北京汉邦高科数字技术股份有限公司
3029,300450,先导智能,无锡先导智能装备股份有限公司
3030,300451,创业软件,创业软件股份有限公司
3031,300452,山河药辅,安徽山河药用辅料股份有限公司
3032,300453,三鑫医疗,江西三鑫医疗科技股份有限公司
3033,300455,康拓红外,北京康拓红外技术股份有限公司
3034,300456,耐威科技,北京耐威科技股份有限公司
3035,300457,赢合科技,深圳市赢合科技股份有限公司
3036,300458,全志科技,珠海全志科技股份有限公司
3037,300459,浙江金科,浙江金科过氧化物股份有限公司
3038,300460,惠伦晶体,广东惠伦晶体科技股份有限公司
3039,300461,田中精机,浙江田中精机股份有限公司
3040,300462,华铭智能,上海华铭智能终端设备股份有限公司
3041,300463,迈克生物,四川迈克生物科技股份有限公司
3042,300464,星徽精密,广东星徽精密制造股份有限公司
3043,300465,高伟达,高伟达软件股份有限公司
3044,300466,赛摩电气,赛摩电气股份有限公司
3045,300467,迅游科技,四川迅游网络科技股份有限公司
3046,300468,四方精创,深圳四方精创资讯股份有限公司
3047,300469,信息发展,上海中信信息发展股份有限公司
3048,300470,日机密封,四川日机密封件股份有限公司
3049,300471,厚普股份,成都华气厚普机电设备股份有限公司
3050,300472,新元科技,北京万向新元科技股份有限公司
3051,300473,德尔股份,阜新德尔汽车部件股份有限公司
3052,300475,聚隆科技,安徽聚隆传动科技股份有限公司
3053,300476,胜宏科技,胜宏科技（惠州）股份有限公司
3054,300477,合纵科技,北京合纵科技股份有限公司
3055,300478,杭州高新,杭州高新橡塑材料股份有限公司
3056,300479,神思电子,神思电子技术股份有限公司
3057,300480,光力科技,郑州光力科技股份有限公司
3058,300481,濮阳惠成,濮阳惠成电子材料股份有限公司
3059,300482,万孚生物,广州万孚生物技术股份有限公司
3060,300483,沃施股份,上海沃施园艺股份有限公司
3061,300485,赛升药业,北京赛升药业股份有限公司
3062,300486,东杰智能,山西东杰智能物流装备股份有限公司
3063,300487,蓝晓科技,西安蓝晓科技新材料股份有限公司
3064,300488,恒锋工具,恒锋工具股份有限公司
3065,300489,中飞股份,哈尔滨中飞新技术股份有限公司
3066,300490,华自科技,华自科技股份有限公司
3067,300491,通合科技,石家庄通合电子科技股份有限公司
3068,300492,山鼎设计,四川山鼎建筑工程设计股份有限公司
3069,300493,润欣科技,上海润欣科技股份有限公司
3070,300494,盛天网络,湖北盛天网络技术股份有限公司
3071,300495,美尚生态,江苏美尚生态景观股份有限公司
3072,300496,中科创达,中科创达软件股份有限公司
3073,300497,富祥股份,江西富祥药业股份有限公司
3074,300498,温氏股份,广东温氏食品集团股份有限公司
3075,300499,高澜股份,广州高澜节能技术股份有限公司
3076,300500,苏州设计,苏州设计研究院股份有限公司
3077,300501,海顺新材,上海海顺新型药用包装材料股份有限公司
3078,300502,新易盛,成都新易盛通信技术股份有限公司
3079,300503,昊志机电,广州市昊志机电股份有限公司
3080,300505,川金诺,昆明川金诺化工股份有限公司
3081,300506,名家汇,深圳市名家汇科技股份有限公司
3082,300507,苏奥传感,江苏奥力威传感高科股份有限公司
3083,300508,维宏股份,上海维宏电子科技股份有限公司
3084,300509,新美星,江苏新美星包装机械股份有限公司
3085,300510,金冠电气,吉林省金冠电气股份有限公司
3086,300511,雪榕生物,上海雪榕生物科技股份有限公司
3087,300512,中亚股份,杭州中亚机械股份有限公司
3088,300513,恒泰实达,北京恒泰实达科技股份有限公司
3089,300515,三德科技,湖南三德科技股份有限公司
3090,300516,久之洋,湖北久之洋红外系统股份有限公司
3091,300517,海波重科,海波重型工程科技股份有限公司
3092,300518,盛讯达,深圳市盛讯达科技股份有限公司
3093,300519,新光药业,浙江新光药业股份有限公司
3094,300520,科大国创,科大国创软件股份有限公司
3095,300521,爱司凯,广州市爱司凯科技股份有限公司
3096,300522,世名科技,苏州世名科技股份有限公司
3097,300523,辰安科技,北京辰安科技股份有限公司
3098,300525,博思软件,福建博思软件股份有限公司
3099,300526,中潜股份,中潜股份有限公司
3100,300527,华舟应急,湖北华舟重工应急装备股份有限公司
3101,300528,幸福蓝海,幸福蓝海影视文化集团股份有限公司
3102,300529,健帆生物,珠海健帆生物科技股份有限公司
3103,300530,达志科技,广东达志环保科技股份有限公司
3104,300531,优博讯,深圳市优博讯科技股份有限公司
3105,300532,今天国际,深圳市今天国际物流技术股份有限公司
3106,300533,冰川网络,深圳冰川网络股份有限公司
3107,300534,陇神戎发,甘肃陇神戎发药业股份有限公司
3108,300535,达威股份,四川达威科技股份有限公司
3109,300536,农尚环境,武汉农尚环境股份有限公司
3110,300537,广信材料,江苏广信感光新材料股份有限公司
3111,300538,同益股份,深圳市同益实业股份有限公司
3112,300539,横河模具,宁波横河模具股份有限公司
3113,300540,深冷股份,成都深冷液化设备股份有限公司
3114,300541,先进数通,北京先进数通信息技术股份公司
3115,300542,新晨科技,新晨科技股份有限公司
3116,300543,朗科智能,深圳市朗科智能电气股份有限公司
3117,300545,联得装备,深圳市联得自动化装备股份有限公司
3118,300546,雄帝科技,深圳市雄帝科技股份有限公司
3119,300547,川环科技,四川川环科技股份有限公司
3120,300548,博创科技,博创科技股份有限公司
3121,300549,优德精密,优德精密工业（昆山）股份有限公司
3122,300550,和仁科技,浙江和仁科技股份有限公司
3123,300551,古鳌科技,上海古鳌电子科技股份有限公司
3124,300552,万集科技,北京万集科技股份有限公司
3125,300553,集智股份,杭州集智机电股份有限公司
3126,300555,路通视信,无锡路通视信网络股份有限公司
3127,300556,丝路视觉,深圳丝路数字视觉股份有限公司
3128,300557,理工光科,武汉理工光科股份有限公司
3129,300558,贝达药业,贝达药业股份有限公司
3130,300559,佳发安泰,成都佳发安泰科技股份有限公司
3131,300560,中富通,中富通股份有限公司
3132,300561,汇金科技,珠海汇金科技股份有限公司
3133,300562,乐心医疗,广东乐心医疗电子股份有限公司
3134,300563,神宇股份,神宇通信科技股份公司
3135,300565,科信技术,深圳市科信通信技术股份有限公司
3136,300566,激智科技,宁波激智科技股份有限公司
3137,300567,精测电子,武汉精测电子技术股份有限公司
3138,300568,星源材质,深圳市星源材质科技股份有限公司
3139,300569,天能重工,青岛天能重工股份有限公司
3140,300570,太辰光,深圳太辰光通信股份有限公司
3141,300571,平治信息,杭州平治信息技术股份有限公司
3142,300572,安车检测,深圳市安车检测股份有限公司
3143,300573,兴齐眼药,沈阳兴齐眼药股份有限公司
3144,300575,中旗股份,江苏中旗作物保护股份有限公司
3145,300576,容大感光,深圳市容大感光科技股份有限公司
3146,300577,开润股份,安徽开润股份有限公司
3147,300578,会畅通讯,上海会畅通讯股份有限公司
3148,300579,数字认证,北京数字认证股份有限公司
3149,300580,贝斯特,无锡贝斯特精机股份有限公司
3150,300581,晨曦航空,西安晨曦航空科技股份有限公司
3151,300582,英飞特,英飞特电子（杭州）股份有限公司
3152,300583,赛托生物,山东赛托生物科技股份有限公司
3153,300584,海辰药业,南京海辰药业股份有限公司
3154,300585,奥联电子,南京奥联汽车电子电器股份有限公司
3155,300586,美联新材,广东美联新材料股份有限公司
3156,300587,天铁股份,浙江天铁实业股份有限公司
3157,300588,熙菱信息,新疆熙菱信息技术股份有限公司
3158,300589,江龙船艇,江龙船艇科技股份有限公司
3159,300590,移为通信,上海移为通信技术股份有限公司
3160,300591,万里马,广东万里马实业股份有限公司
3161,300592,华凯创意,湖南华凯文化创意股份有限公司
3162,300593,新雷能,北京新雷能科技股份有限公司
3163,300595,欧普康视,欧普康视科技股份有限公司
3164,300596,利安隆,天津利安隆新材料股份有限公司
3165,300597,吉大通信,吉林吉大通信设计院股份有限公司
3166,300598,诚迈科技,诚迈科技（南京）股份有限公司
3167,300599,雄塑科技,广东雄塑科技集团股份有限公司
3168,300600,瑞特股份,常熟瑞特电气股份有限公司
3169,300602,飞荣达,深圳市飞荣达科技股份有限公司