,公司全称,A股代码,A股简称,A股时间,B股代码,B股简称,B股时间,城市
0,上海浦东发展银行股份有限公司,600000,浦发银行,1999-11-10,,,,上海市
1,广州白云国际机场股份有限公司,600004,白云机场,2003-04-28,,,,广东省广州市
2,东风汽车股份有限公司,600006,东风汽车,1999-07-27,,,,湖北省襄阳市
3,中国国际贸易中心股份有限公司,600007,中国国贸,1999-03-12,,,,北京市
4,北京首创股份有限公司,600008,首创股份,2000-04-27,,,,北京市
5,上海国际机场股份有限公司,600009,上海机场,1998-02-18,,,,上海市
6,内蒙古包钢钢联股份有限公司,600010,包钢股份,2001-03-09,,,,内蒙古自治区包头市
7,华能国际电力股份有限公司,600011,华能国际,2001-12-06,,,,北京市
8,安徽皖通高速公路股份有限公司,600012,皖通高速,2003-01-07,,,,安徽省合肥市
9,华夏银行股份有限公司,600015,华夏银行,2003-09-12,,,,北京市
10,中国民生银行股份有限公司,600016,民生银行,2000-12-19,,,,北京市
11,日照港股份有限公司,600017,日照港,2006-10-17,,,,山东省日照市
12,上海国际港务（集团）股份有限公司,600018,上港集团,2000-07-19,,,,上海市
13,宝山钢铁股份有限公司,600019,宝钢股份,2000-12-12,,,,上海市
14,河南中原高速公路股份有限公司,600020,中原高速,2003-08-08,,,,河南省郑州市
15,上海电力股份有限公司,600021,上海电力,2003-10-29,,,,上海市
16,山东钢铁股份有限公司,600022,山东钢铁,2004-06-29,,,,山东省济南市
17,浙江浙能电力股份有限公司,600023,浙能电力,2013-12-19,,,,浙江省杭州市
18,中远海运能源运输股份有限公司,600026,中远海能,2002-05-23,,,,上海市
19,华电国际电力股份有限公司,600027,华电国际,2005-02-03,,,,山东省济南市
20,中国石油化工股份有限公司,600028,中国石化,2001-08-08,,,,北京市
21,中国南方航空股份有限公司,600029,南方航空,2003-07-25,,,,广东省广州市
22,中信证券股份有限公司,600030,中信证券,2003-01-06,,,,广东省深圳市
23,三一重工股份有限公司,600031,三一重工,2003-07-03,,,,北京市
24,福建发展高速公路股份有限公司,600033,福建高速,2001-02-09,,,,福建省福州市
25,湖北楚天高速公路股份有限公司,600035,楚天高速,2004-03-10,,,,湖北省武汉市
26,招商银行股份有限公司,600036,招商银行,2002-04-09,,,,广东省深圳市
27,北京歌华有线电视网络股份有限公司,600037,歌华有线,2001-02-08,,,,北京市
28,中航直升机股份有限公司,600038,中直股份,2000-12-18,,,,黑龙江省哈尔滨市
29,四川路桥建设集团股份有限公司,600039,四川路桥,2003-03-25,,,,四川省成都市
30,保利房地产（集团）股份有限公司,600048,保利地产,2006-07-31,,,,广东省广州市
31,中国联合网络通信股份有限公司,600050,中国联通,2002-10-09,,,,上海市
32,宁波联合集团股份有限公司,600051,宁波联合,1997-04-10,,,,浙江省宁波市
33,浙江广厦股份有限公司,600052,浙江广厦,1997-04-15,,,,浙江省金华市
34,昆吾九鼎投资控股股份有限公司,600053,九鼎投资,1997-04-18,,,,江西省南昌市
35,黄山旅游发展股份有限公司,600054,黄山旅游,1997-05-06,900942,黄山B股,1996-11-22,安徽省黄山市
36,华润万东医疗装备股份有限公司,600055,万东医疗,1997-05-19,,,,北京市
37,中国医药健康产业股份有限公司,600056,中国医药,1997-05-15,,,,北京市
38,厦门象屿股份有限公司,600057,象屿股份,1997-06-04,,,,福建省厦门市
39,五矿发展股份有限公司,600058,五矿发展,1997-05-28,,,,北京市
40,浙江古越龙山绍兴酒股份有限公司,600059,古越龙山,1997-05-16,,,,浙江省绍兴市
41,青岛海信电器股份有限公司,600060,海信电器,1997-04-22,,,,山东省青岛市
42,国投安信股份有限公司,600061,国投安信,1997-05-19,,,,上海市
43,华润双鹤药业股份有限公司,600062,华润双鹤,1997-05-22,,,,北京市
44,安徽皖维高新材料股份有限公司,600063,皖维高新,1997-05-28,,,,安徽省合肥市
45,南京高科股份有限公司,600064,南京高科,1997-05-06,,,,江苏省南京市
46,郑州宇通客车股份有限公司,600066,宇通客车,1997-05-08,,,,河南省郑州市
47,冠城大通股份有限公司,600067,冠城大通,1997-05-08,,,,福建省福州市
48,中国葛洲坝集团股份有限公司,600068,葛洲坝,1997-05-26,,,,湖北省武汉市
49,河南银鸽实业投资股份有限公司,600069,银鸽投资,1997-04-30,,,,河南省漯河市
50,浙江富润股份有限公司,600070,浙江富润,1997-06-04,,,,浙江省绍兴市
51,凤凰光学股份有限公司,600071,凤凰光学,1997-05-28,,,,江西省上饶市
52,中船钢构工程股份有限公司,600072,钢构工程,1997-06-03,,,,上海市
53,上海梅林正广和股份有限公司,600073,上海梅林,1997-07-04,,,,上海市
54,江苏保千里视像科技集团股份有限公司,600074,保千里,1997-06-23,,,,江苏省南京市
55,新疆天业股份有限公司,600075,新疆天业,1997-06-17,,,,新疆维吾尔自治区石河子市
56,康欣新材料股份有限公司,600076,康欣新材,1997-05-26,,,,山东省潍坊市
57,宋都基业投资股份有限公司,600077,宋都股份,1997-05-20,,,,浙江省杭州市
58,江苏澄星磷化工股份有限公司,600078,澄星股份,1997-06-27,,,,江苏省无锡市
59,人福医药集团股份公司,600079,人福医药,1997-06-06,,,,湖北省武汉市
60,金花企业（集团）股份有限公司,600080,金花股份,1997-06-12,,,,陕西省西安市
61,东风电子科技股份有限公司,600081,东风科技,1997-07-03,,,,上海市
62,天津海泰科技发展股份有限公司,600082,海泰发展,1997-06-20,,,,天津市
63,广东博信投资控股股份有限公司,600083,博信股份,1997-06-06,,,,广东省清远市
64,中信国安葡萄酒业股份有限公司,600084,中葡股份,1997-07-11,,,,新疆维吾尔自治区乌鲁木齐市
65,北京同仁堂股份有限公司,600085,同仁堂,1997-06-25,,,,北京市
66,东方金钰股份有限公司,600086,东方金钰,1997-06-06,,,,湖北省鄂州市
67,特变电工股份有限公司,600089,特变电工,1997-06-18,,,,新疆维吾尔自治区昌吉回族自治州
68,包头明天科技股份有限公司,600091,ST明科,1997-07-04,,,,内蒙古自治区包头市
69,四川禾嘉股份有限公司,600093,禾嘉股份,1997-06-26,,,,四川省成都市
70,上海大名城企业股份有限公司,600094,大名城,1997-07-03,900940,大名城B,1996-07-26,上海市
71,哈尔滨高科技（集团）股份有限公司,600095,哈高科,1997-07-08,,,,黑龙江省哈尔滨市
72,云南云天化股份有限公司,600096,云天化,1997-07-09,,,,云南省昆明市
73,上海开创国际海洋资源股份有限公司,600097,开创国际,1997-06-19,,,,上海市
74,广州发展集团股份有限公司,600098,广州发展,1997-07-18,,,,广东省广州市
75,林海股份有限公司,600099,林海股份,1997-07-04,,,,江苏省泰州市
76,同方股份有限公司,600100,同方股份,1997-06-27,,,,北京市
77,四川明星电力股份有限公司,600101,明星电力,1997-06-27,,,,四川省遂宁市
78,福建省青山纸业股份有限公司,600103,青山纸业,1997-07-03,,,,福建省福州市
79,上海汽车集团股份有限公司,600104,上汽集团,1997-11-25,,,,上海市
80,江苏永鼎股份有限公司,600105,永鼎股份,1997-09-29,,,,江苏省苏州市
81,重庆路桥股份有限公司,600106,重庆路桥,1997-06-18,,,,重庆市
82,湖北美尔雅股份有限公司,600107,美尔雅,1997-11-06,,,,湖北省黄石市
83,甘肃亚盛实业（集团）股份有限公司,600108,亚盛集团,1997-08-18,,,,甘肃省兰州市
84,国金证券股份有限公司,600109,国金证券,1997-08-07,,,,四川省成都市
85,诺德投资股份有限公司,600110,诺德股份,1997-10-07,,,,吉林省长春市
86,中国北方稀土（集团）高科技股份有限公司,600111,北方稀土,1997-09-24,,,,内蒙古自治区包头市
87,贵州长征天成控股股份有限公司,600112,天成控股,1997-11-27,,,,贵州省遵义市
88,浙江东日股份有限公司,600113,浙江东日,1997-10-21,,,,浙江省温州市
89,东睦新材料集团股份有限公司,600114,东睦股份,2004-05-11,,,,浙江省宁波市
90,中国东方航空股份有限公司,600115,东方航空,1997-11-05,,,,上海市
91,重庆三峡水利电力（集团）股份有限公司,600116,三峡水利,1997-08-04,,,,重庆市
92,西宁特殊钢股份有限公司,600117,西宁特钢,1997-10-15,,,,青海省西宁市
93,中国东方红卫星股份有限公司,600118,中国卫星,1997-09-08,,,,北京市
94,长发集团长江投资实业股份有限公司,600119,长江投资,1998-01-15,,,,上海市
95,浙江东方集团股份有限公司,600120,浙江东方,1997-12-01,,,,浙江省杭州市
96,郑州煤电股份有限公司,600121,郑州煤电,1998-01-07,,,,河南省郑州市
97,江苏宏图高科技股份有限公司,600122,宏图高科,1998-04-20,,,,江苏省南京市
98,山西兰花科技创业股份有限公司,600123,兰花科创,1998-12-17,,,,山西省晋城市
99,中铁铁龙集装箱物流股份有限公司,600125,铁龙物流,1998-05-11,,,,辽宁省大连市
100,杭州钢铁股份有限公司,600126,杭钢股份,1998-03-11,,,,浙江省杭州市
101,金健米业股份有限公司,600127,金健米业,1998-05-06,,,,湖南省常德市
102,江苏弘业股份有限公司,600128,弘业股份,1997-09-01,,,,江苏省南京市
103,重庆太极实业（集团）股份有限公司,600129,太极集团,1997-11-18,,,,重庆市
104,宁波波导股份有限公司,600130,波导股份,2000-07-06,,,,浙江省宁波市
105,四川岷江水利电力股份有限公司,600131,岷江水电,1998-04-02,,,,四川省阿坝藏族羌族自治州
106,重庆啤酒股份有限公司,600132,重庆啤酒,1997-10-30,,,,重庆市
107,武汉东湖高新集团股份有限公司,600133,东湖高新,1998-02-12,,,,湖北省武汉市
108,乐凯胶片股份有限公司,600135,乐凯胶片,1998-01-22,,,,河北省保定市
109,武汉当代明诚文化股份有限公司,600136,当代明诚,1998-03-03,,,,湖北省武汉市
110,四川浪莎控股股份有限公司,600137,浪莎股份,1998-04-16,,,,四川省宜宾市
111,中青旅控股股份有限公司,600138,中青旅,1997-12-03,,,,北京市
112,四川西部资源控股股份有限公司,600139,西部资源,1998-02-25,,,,四川省绵阳市
113,湖北兴发化工集团股份有限公司,600141,兴发集团,1999-06-16,,,,湖北省宜昌市
114,金发科技股份有限公司,600143,金发科技,2004-06-23,,,,广东省广州市
115,新疆亿路万源实业投资控股股份有限公司,600145,*ST新亿,1999-09-23,,,,新疆维吾尔自治区塔城地区
116,商赢环球股份有限公司,600146,商赢环球,1999-07-07,,,,宁夏回族自治区银川市
117,长春一东离合器股份有限公司,600148,长春一东,1998-05-20,,,,吉林省长春市
118,廊坊发展股份有限公司,600149,廊坊发展,1999-10-14,,,,河北省廊坊市
119,中国船舶工业股份有限公司,600150,中国船舶,1998-05-20,,,,上海市
120,上海航天汽车机电股份有限公司,600151,航天机电,1998-06-05,,,,上海市
121,宁波维科精华集团股份有限公司,600152,维科精华,1998-06-09,,,,浙江省宁波市
122,厦门建发股份有限公司,600153,建发股份,1998-06-16,,,,福建省厦门市
123,河北宝硕股份有限公司,600155,宝硕股份,1998-09-18,,,,河北省保定市
124,湖南华升股份有限公司,600156,华升股份,1998-05-27,,,,湖南省长沙市
125,永泰能源股份有限公司,600157,永泰能源,1998-05-13,,,,山西省晋中市
126,中体产业集团股份有限公司,600158,中体产业,1998-03-27,,,,天津市
127,北京市大龙伟业房地产开发股份有限公司,600159,大龙地产,1998-05-26,,,,北京市
128,浙江巨化股份有限公司,600160,巨化股份,1998-06-26,,,,浙江省衢州市
129,北京天坛生物制品股份有限公司,600161,天坛生物,1998-06-16,,,,北京市
130,深圳香江控股股份有限公司,600162,香江控股,1998-06-09,,,,广东省深圳市
131,中闽能源股份有限公司,600163,中闽能源,1998-06-02,,,,福建省南平市
132,宁夏新日恒力钢丝绳股份有限公司,600165,新日恒力,1998-05-29,,,,宁夏回族自治区石嘴山市
133,北汽福田汽车股份有限公司,600166,福田汽车,1998-06-02,,,,北京市
134,联美量子股份有限公司,600167,联美控股,1999-01-28,,,,辽宁省沈阳市
135,武汉三镇实业控股股份有限公司,600168,武汉控股,1998-04-27,,,,湖北省武汉市
136,太原重工股份有限公司,600169,太原重工,1998-09-04,,,,山西省太原市
137,上海建工集团股份有限公司,600170,上海建工,1998-06-23,,,,上海市
138,上海贝岭股份有限公司,600171,上海贝岭,1998-09-24,,,,上海市
139,河南黄河旋风股份有限公司,600172,黄河旋风,1998-11-26,,,,河南省许昌市
140,卧龙地产集团股份有限公司,600173,卧龙地产,1999-04-15,,,,浙江省绍兴市
141,美都能源股份有限公司,600175,美都能源,1999-04-08,,,,浙江省湖州市
142,中国巨石股份有限公司,600176,中国巨石,1999-04-22,,,,浙江省嘉兴市
143,雅戈尔集团股份有限公司,600177,雅戈尔,1998-11-19,,,,浙江省宁波市
144,哈尔滨东安汽车动力股份有限公司,600178,东安动力,1998-10-14,,,,黑龙江省哈尔滨市
145,安通控股股份有限公司,600179,安通控股,1998-11-04,,,,黑龙江省齐齐哈尔市
146,瑞茂通供应链管理股份有限公司,600180,瑞茂通,1998-07-03,,,,山东省烟台市
147,佳通轮胎股份有限公司,600182,S佳通,1999-05-07,,,,黑龙江省牡丹江市
148,广东生益科技股份有限公司,600183,生益科技,1998-10-28,,,,广东省东莞市
149,北方光电股份有限公司,600184,光电股份,2003-11-06,,,,湖北省襄阳市
150,格力地产股份有限公司,600185,格力地产,1999-06-11,,,,广东省珠海市
151,莲花健康产业集团股份有限公司,600186,莲花健康,1998-08-25,,,,河南省周口市
152,黑龙江国中水务股份有限公司,600187,国中水务,1998-11-11,,,,黑龙江省齐齐哈尔市
153,兖州煤业股份有限公司,600188,兖州煤业,1998-07-01,,,,山东省济宁市
154,吉林森林工业股份有限公司,600189,吉林森工,1998-10-07,,,,吉林省长春市
155,锦州港股份有限公司,600190,锦州港,1999-06-09,900952,锦港B股,1998-05-19,辽宁省锦州市
156,包头华资实业股份有限公司,600191,华资实业,1998-12-10,,,,内蒙古自治区包头市
157,兰州长城电工股份有限公司,600192,长城电工,1998-12-24,,,,甘肃省兰州市
158,上海创兴资源开发股份有限公司,600193,创兴资源,1999-05-27,,,,上海市
159,中牧实业股份有限公司,600195,中牧股份,1999-01-07,,,,北京市
160,上海复星医药（集团）股份有限公司,600196,复星医药,1998-08-07,,,,上海市
161,新疆伊力特实业股份有限公司,600197,伊力特,1999-09-16,,,,新疆维吾尔自治区伊犁哈萨克自治州
162,大唐电信科技股份有限公司,600198,大唐电信,1998-10-21,,,,北京市
163,安徽金种子酒业股份有限公司,600199,金种子酒,1998-08-12,,,,安徽省阜阳市
164,江苏吴中实业股份有限公司,600200,江苏吴中,1999-04-01,,,,江苏省苏州市
165,金宇生物技术股份有限公司,600201,生物股份,1999-01-15,,,,内蒙古自治区呼和浩特市
166,哈尔滨空调股份有限公司,600202,哈空调,1999-06-03,,,,黑龙江省哈尔滨市
167,福建福日电子股份有限公司,600203,福日电子,1999-05-14,,,,福建省福州市
168,有研新材料股份有限公司,600206,有研新材,1999-03-19,,,,北京市
169,河南安彩高科股份有限公司,600207,安彩高科,1999-07-14,,,,河南省安阳市
170,新湖中宝股份有限公司,600208,新湖中宝,1999-06-23,,,,浙江省嘉兴市
171,罗顿发展股份有限公司,600209,罗顿发展,1999-03-25,,,,海南省海口市
172,上海紫江企业集团股份有限公司,600210,紫江企业,1999-08-24,,,,上海市
173,西藏诺迪康药业股份有限公司,600211,西藏药业,1999-07-21,,,,西藏自治区拉萨市
174,山东江泉实业股份有限公司,600212,*ST江泉,1999-08-17,,,,山东省临沂市
175,扬州亚星客车股份有限公司,600213,亚星客车,1999-08-31,,,,江苏省扬州市
176,长春经开（集团）股份有限公司,600215,长春经开,1999-09-09,,,,吉林省长春市
177,浙江医药股份有限公司,600216,浙江医药,1999-10-21,,,,浙江省绍兴市
178,中再资源环境股份有限公司,600217,中再资环,1999-12-16,,,,陕西省铜川市
179,安徽全柴动力股份有限公司,600218,全柴动力,1998-12-03,,,,安徽省滁州市
180,山东南山铝业股份有限公司,600219,南山铝业,1999-12-23,,,,山东省烟台市
181,江苏阳光股份有限公司,600220,江苏阳光,1999-09-27,,,,江苏省无锡市
182,海南航空股份有限公司,600221,海南航空,1999-11-25,900945,海航B股,1997-06-26,海南省海口市
183,河南太龙药业股份有限公司,600222,太龙药业,1999-11-05,,,,河南省郑州市
184,鲁商置业股份有限公司,600223,鲁商置业,2000-01-13,,,,山东省淄博市
185,天津松江股份有限公司,600225,天津松江,2000-01-27,,,,天津市
186,浙江升华拜克生物股份有限公司,600226,升华拜克,1999-11-16,,,,浙江省湖州市
187,贵州赤天化股份有限公司,600227,赤天化,2000-02-21,,,,贵州省贵阳市
188,江西昌九生物化工股份有限公司,600228,昌九生化,1999-01-19,,,,江西省赣州市
189,青岛城市传媒股份有限公司,600229,城市传媒,2000-03-09,,,,山东省青岛市
190,沧州大化股份有限公司,600230,*ST沧大,2000-04-06,,,,河北省沧州市
191,凌源钢铁股份有限公司,600231,凌钢股份,2000-05-11,,,,辽宁省朝阳市
192,浙江金鹰股份有限公司,600232,金鹰股份,2000-06-02,,,,浙江省舟山市
193,圆通速递股份有限公司,600233,圆通速递,2000-06-08,,,,辽宁省大连市
194,山西广和山水文化传播股份有限公司,600234,广和山水,2000-06-15,,,,山西省太原市
195,民丰特种纸股份有限公司,600235,民丰特纸,2000-06-15,,,,浙江省嘉兴市
196,广西桂冠电力股份有限公司,600236,桂冠电力,2000-03-23,,,,广西壮族自治区南宁市
197,安徽铜峰电子股份有限公司,600237,铜峰电子,2000-06-09,,,,安徽省铜陵市
198,海南椰岛（集团）股份有限公司,600238,海南椰岛,2000-01-20,,,,海南省海口市
199,四川西部资源控股股份有限公司,600239,西部资源,1998-02-25,,,,四川省绵阳市
200,北京华业资本控股股份有限公司,600240,西部资源,2000-06-28,,,,北京市
201,辽宁时代万恒股份有限公司,600241,时代万恒,2000-11-28,,,,辽宁省大连市
202,中昌大数据股份有限公司,600242,中昌数据,2000-12-07,,,,广东省阳江市
203,青海华鼎实业股份有限公司,600243,青海华鼎,2000-11-20,,,,青海省西宁市
204,北京万通地产股份有限公司,600246,万通地产,2000-09-22,,,,北京市
205,吉林成城集团股份有限公司,600247,ST成城,2000-11-23,,,,吉林省吉林市
206,陕西延长石油化建股份有限公司,600248,延长化建,2000-06-22,,,,陕西省杨凌农业高新技术产业示范区
207,柳州两面针股份有限公司,600249,两面针,2004-01-30,,,,广西壮族自治区柳州市
208,南京纺织品进出口股份有限公司,600250,南纺股份,2001-03-06,,,,江苏省南京市
209,新疆冠农果茸集团股份有限公司,600251,冠农股份,2003-06-09,,,,新疆维吾尔自治区巴音郭楞蒙古自治州
210,广西梧州中恒集团股份有限公司,600252,中恒集团,2000-11-30,,,,广西壮族自治区梧州市
211,安徽鑫科新材料股份有限公司,600255,鑫科材料,2000-11-22,,,,安徽省芜湖市
212,广汇能源股份有限公司,600256,广汇能源,2000-05-26,,,,新疆维吾尔自治区乌鲁木齐市
213,大湖水殖股份有限公司,600257,大湖股份,2000-06-12,,,,湖南省常德市
214,北京首旅酒店（集团）股份有限公司,600258,首旅酒店,2000-06-01,,,,北京市
215,广晟有色金属股份有限公司,600259,广晟有色,2000-05-25,,,,海南省海口市
216,湖北凯乐科技股份有限公司,600260,凯乐科技,2000-07-06,,,,湖北省荆州市
217,浙江阳光照明电器集团股份有限公司,600261,阳光照明,2000-07-20,,,,浙江省绍兴市
218,内蒙古北方重型汽车股份有限公司,600262,北方股份,2000-06-30,,,,内蒙古自治区包头市
219,云南景谷林业股份有限公司,600265,ST景谷,2000-08-25,,,,云南省普洱市
220,北京城建投资发展股份有限公司,600266,北京城建,1999-02-03,,,,北京市
221,浙江海正药业股份有限公司,600267,海正药业,2000-07-25,,,,浙江省台州市
222,国电南京自动化股份有限公司,600268,国电南自,1999-11-18,,,,江苏省南京市
223,江西赣粤高速公路股份有限公司,600269,赣粤高速,2000-05-18,,,,江西省南昌市
224,中外运空运发展股份有限公司,600270,外运发展,2000-12-28,,,,北京市
225,航天信息股份有限公司,600271,航天信息,2003-07-11,,,,北京市
226,上海开开实业股份有限公司,600272,开开实业,1997-01-08,900943,开开B股,1997-01-08,上海市
227,浙江嘉化能源化工股份有限公司,600273,嘉化能源,2003-06-27,,,,浙江省嘉兴市
228,湖北武昌鱼股份有限公司,600275,武昌鱼,2000-08-10,,,,湖北省鄂州市
229,江苏恒瑞医药股份有限公司,600276,恒瑞医药,2000-10-18,,,,江苏省连云港市
230,亿利洁能股份有限公司,600277,亿利洁能,2000-07-25,,,,内蒙古自治区鄂尔多斯市
231,东方国际创业股份有限公司,600278,东方创业,2000-07-12,,,,上海市
232,重庆港九股份有限公司,600279,重庆港九,2000-07-31,,,,重庆市
233,南京中央商场（集团）股份有限公司,600280,中央商场,2000-09-26,,,,江苏省南京市
234,太原化工股份有限公司,600281,太化股份,2000-11-09,,,,山西省太原市
235,南京钢铁股份有限公司,600282,南钢股份,2000-09-19,,,,江苏省南京市
236,钱江水利开发股份有限公司,600283,钱江水利,2000-10-18,,,,浙江省杭州市
237,上海浦东路桥建设股份有限公司,600284,浦东建设,2004-03-16,,,,上海市
238,河南羚锐制药股份有限公司,600285,羚锐制药,2000-10-18,,,,河南省信阳市
239,江苏舜天股份有限公司,600287,江苏舜天,2000-09-01,,,,江苏省南京市
240,大恒新纪元科技股份有限公司,600288,大恒科技,2000-11-29,,,,北京市
241,亿阳信通股份有限公司,600289,亿阳信通,2000-07-20,,,,黑龙江省哈尔滨市
242,华仪电气股份有限公司,600290,华仪电气,2000-11-06,,,,浙江省温州市
243,内蒙古西水创业股份有限公司,600291,西水股份,2000-07-31,,,,内蒙古自治区乌海市
244,国家电投集团远达环保股份有限公司,600292,远达环保,2000-11-01,,,,重庆市
245,湖北三峡新型建材股份有限公司,600293,三峡新材,2000-09-19,,,,湖北省宜昌市
246,内蒙古鄂尔多斯资源股份有限公司,600295,鄂尔多斯,1995-10-20,900936,鄂资B股,1995-10-20,内蒙古自治区鄂尔多斯市
247,广汇汽车服务股份公司,600297,广汇汽车,2000-11-16,,,,辽宁省大连市
248,安琪酵母股份有限公司,600298,安琪酵母,2000-08-18,,,,湖北省宜昌市
249,蓝星安迪苏股份有限公司,600299,安迪苏,2000-04-20,,,,北京市
250,维维食品饮料股份有限公司,600300,维维股份,2000-06-30,,,,江苏省徐州市
251,南宁化工股份有限公司,600301,*ST南化,2000-07-12,,,,广西壮族自治区南宁市
252,西安标准工业股份有限公司,600302,标准股份,2000-12-13,,,,陕西省西安市
253,辽宁曙光汽车集团股份有限公司,600303,曙光股份,2000-12-26,,,,辽宁省丹东市
254,江苏恒顺醋业股份有限公司,600305,恒顺醋业,2001-02-06,,,,江苏省镇江市
255,沈阳商业城股份有限公司,600306,*ST商城,2000-12-26,,,,辽宁省沈阳市
256,甘肃酒钢集团宏兴钢铁股份有限公司,600307,酒钢宏兴,2000-12-20,,,,甘肃省嘉峪关市
257,山东华泰纸业股份有限公司,600308,华泰股份,2000-09-28,,,,山东省东营市
258,万华化学集团股份有限公司,600309,万华化学,2001-01-05,,,,山东省烟台市
259,广西桂东电力股份有限公司,600310,桂东电力,2001-02-28,,,,广西壮族自治区贺州市
260,甘肃荣华实业（集团）股份有限公司,600311,荣华实业,2001-06-26,,,,甘肃省武威市
261,河南平高电气股份有限公司,600312,平高电气,2001-02-21,,,,河南省平顶山市
262,中农发种业集团股份有限公司,600313,农发种业,2001-01-19,,,,北京市
263,上海家化联合股份有限公司,600315,上海家化,2001-03-15,,,,上海市
264,江西洪都航空工业股份有限公司,600316,洪都航空,2000-12-15,,,,江西省南昌市
265,营口港务股份有限公司,600317,营口港,2002-01-31,,,,辽宁省营口市
266,安徽新力金融股份有限公司,600318,新力金融,2000-12-08,,,,安徽省合肥市
267,潍坊亚星化学股份有限公司,600319,*ST亚星,2001-03-26,,,,山东省潍坊市
268,上海振华重工（集团）股份有限公司,600320,振华重工,2000-12-21,900947,振华B股,1997-08-05,上海市
269,四川国栋建设股份有限公司,600321,国栋建设,2001-05-24,,,,四川省成都市
270,天津市房地产发展（集团）股份有限公司,600322,天房发展,2001-09-10,,,,天津市
271,瀚蓝环境股份有限公司,600323,瀚蓝环境,2000-12-25,,,,广东省佛山市
272,珠海华发实业股份有限公司,600325,华发股份,2004-02-25,,,,广东省珠海市
273,西藏天路股份有限公司,600326,西藏天路,2001-01-16,,,,西藏自治区拉萨市
274,无锡商业大厦大东方股份有限公司,600327,大东方,2002-06-25,,,,江苏省无锡市
275,内蒙古兰太实业股份有限公司,600328,兰太实业,2000-12-22,,,,内蒙古自治区阿拉善盟
276,天津中新药业集团股份有限公司,600329,中新药业,2001-06-06,,,,天津市
277,天通控股股份有限公司,600330,天通股份,2001-01-18,,,,浙江省嘉兴市
278,四川宏达股份有限公司,600331,宏达股份,2001-12-20,,,,四川省成都市
279,广州白云山医药集团股份有限公司,600332,白云山,2001-02-06,,,,广东省广州市
280,长春燃气股份有限公司,600333,长春燃气,2000-12-11,,,,吉林省长春市
281,国机汽车股份有限公司,600335,国机汽车,2001-03-05,,,,天津市
282,澳柯玛股份有限公司,600336,澳柯玛,2000-12-29,,,,山东省青岛市
283,美克国际家居用品股份有限公司,600337,美克家居,2000-11-27,,,,新疆维吾尔自治区乌鲁木齐市
284,西藏珠峰资源股份有限公司,600338,西藏珠峰,2000-12-27,,,,西藏自治区拉萨市
285,新疆独山子天利高新技术股份有限公司,600339,*ST油工,2000-12-25,,,,新疆维吾尔自治区克拉玛依市
286,华夏幸福基业股份有限公司,600340,华夏幸福,2003-12-30,,,,河北省廊坊市
287,陕西航天动力高科技股份有限公司,600343,航天动力,2003-04-08,,,,陕西省西安市
288,武汉长江通信产业集团股份有限公司,600345,长江通信,2000-12-22,,,,湖北省武汉市
289,恒力石化股份有限公司,600346,恒力股份,2001-08-20,,,,辽宁省大连市
290,阳泉煤业（集团）股份有限公司,600348,阳泉煤业,2003-08-21,,,,山西省阳泉市
291,山东高速股份有限公司,600350,山东高速,2002-03-18,,,,山东省济南市
292,亚宝药业集团股份有限公司,600351,亚宝药业,2002-09-26,,,,山西省运城市
293,浙江龙盛集团股份有限公司,600352,浙江龙盛,2003-08-01,,,,浙江省绍兴市
294,成都旭光电子股份有限公司,600353,旭光股份,2002-11-20,,,,四川省成都市
295,甘肃省敦煌种业股份有限公司,600354,敦煌种业,2004-01-15,,,,甘肃省酒泉市
296,精伦电子股份有限公司,600355,精伦电子,2002-06-13,,,,湖北省武汉市
297,牡丹江恒丰纸业股份有限公司,600356,恒丰纸业,2001-04-19,,,,黑龙江省牡丹江市
298,国旅联合股份有限公司,600358,国旅联合,2000-09-22,,,,江苏省南京市
299,新疆塔里木农业综合开发股份有限公司,600359,新农开发,1999-04-29,,,,新疆维吾尔自治区阿拉尔市
300,吉林华微电子股份有限公司,600360,华微电子,2001-03-16,,,,吉林省吉林市
301,北京华联综合超市股份有限公司,600361,华联综超,2001-11-29,,,,北京市
302,江西铜业股份有限公司,600362,江西铜业,2002-01-11,,,,江西省鹰潭市
303,江西联创光电科技股份有限公司,600363,联创光电,2001-03-29,,,,江西省南昌市
304,通化葡萄酒股份有限公司,600365,通葡股份,2001-01-15,,,,吉林省通化市
305,宁波韵升股份有限公司,600366,宁波韵升,2000-10-30,,,,浙江省宁波市
306,贵州红星发展股份有限公司,600367,红星发展,2001-03-20,,,,贵州省安顺市
307,广西五洲交通股份有限公司,600368,五洲交通,2000-12-21,,,,广西壮族自治区南宁市
308,西南证券股份有限公司,600369,西南证券,2001-01-09,,,,重庆市
309,江苏三房巷实业股份有限公司,600370,三房巷,2003-03-06,,,,江苏省无锡市
310,万向德农股份有限公司,600371,万向德农,2002-09-16,,,,黑龙江省哈尔滨市
311,中航航空电子系统股份有限公司,600372,中航电子,2001-07-06,,,,北京市
312,中文天地出版传媒股份有限公司,600373,中文传媒,2002-03-04,,,,江西省上饶市
313,华菱星马汽车（集团）股份有限公司,600375,*ST星马,2003-04-01,,,,安徽省马鞍山市
314,北京首都开发股份有限公司,600376,首开股份,2001-03-12,,,,北京市
315,江苏宁沪高速公路股份有限公司,600377,宁沪高速,2001-01-16,,,,江苏省南京市
316,四川天一科技股份有限公司,600378,天科股份,2001-01-11,,,,四川省成都市
317,陕西宝光真空电器股份有限公司,600379,宝光股份,2002-01-16,,,,陕西省宝鸡市
318,健康元药业集团股份有限公司,600380,健康元,2001-06-08,,,,广东省深圳市
319,青海春天药用资源科技股份有限公司,600381,青海春天,2001-05-08,,,,青海省西宁市
320,广东明珠集团股份有限公司,600382,广东明珠,2001-01-18,,,,广东省梅州市
321,金地（集团）股份有限公司,600383,金地集团,2001-04-12,,,,广东省深圳市
322,山东金泰集团股份有限公司,600385,山东金泰,2001-07-23,,,,山东省济南市
323,北京巴士传媒股份有限公司,600386,北巴传媒,2001-02-16,,,,北京市
324,浙江海越股份有限公司,600387,海越股份,2004-02-18,,,,浙江省绍兴市
325,福建龙净环保股份有限公司,600388,龙净环保,2000-12-29,,,,福建省龙岩市
326,南通江山农药化工股份有限公司,600389,江山股份,2001-01-10,,,,江苏省南通市
327,金瑞新材料科技股份有限公司,600390,*ST金瑞,2001-01-15,,,,湖南省长沙市
328,四川成发航空科技股份有限公司,600391,成发科技,2001-12-12,,,,四川省成都市
329,盛和资源控股股份有限公司,600392,盛和资源,2003-05-29,,,,山西省太原市
330,广州粤泰集团股份有限公司,600393,粤泰股份,2001-03-19,,,,广东省广州市
331,贵州盘江精煤股份有限公司,600395,盘江股份,2001-05-31,,,,贵州省六盘水市
332,安源煤业集团股份有限公司,600397,安源煤业,2002-07-02,,,,江西省萍乡市
333,海澜之家股份有限公司,600398,海澜之家,2000-12-28,,,,江苏省无锡市
334,抚顺特殊钢股份有限公司,600399,抚顺特钢,2000-12-29,,,,辽宁省抚顺市
335,江苏红豆实业股份有限公司,600400,红豆股份,2001-01-08,,,,江苏省无锡市
336,海润光伏科技股份有限公司,600401,海润光伏,2003-09-24,,,,江苏省无锡市
337,河南大有能源股份有限公司,600403,大有能源,2003-10-09,,,,河南省三门峡市
338,北京动力源科技股份有限公司,600405,动力源,2004-04-01,,,,北京市
339,国电南瑞科技股份有限公司,600406,*ST商城,2000-12-26,,,,辽宁省沈阳市
340,山西安泰集团股份有限公司,600408,安泰集团,2003-02-12,,,,山西省晋中市
341,唐山三友化工股份有限公司,600409,三友化工,2003-06-18,,,,河北省唐山市
342,北京华胜天成科技股份有限公司,600410,华胜天成,2004-04-27,,,,北京市
343,浙江中国小商品城集团股份有限公司,600415,小商品城,2002-05-09,,,,浙江省金华市
344,湘潭电机股份有限公司,600416,湘电股份,2002-07-18,,,,湖南省湘潭市
345,安徽江淮汽车集团股份有限公司,600418,江淮汽车,2001-08-24,,,,安徽省合肥市
346,新疆天润乳业股份有限公司,600419,天润乳业,2001-06-28,,,,新疆维吾尔自治区乌鲁木齐市
347,上海现代制药股份有限公司,600420,现代制药,2004-06-16,,,,上海市
348,湖北仰帆控股股份有限公司,600421,仰帆控股,2001-05-24,,,,湖北省武汉市
349,昆药集团股份有限公司,600422,昆药集团,2000-12-06,,,,云南省昆明市
350,柳州化工股份有限公司,600423,柳化股份,2003-07-17,,,,广西壮族自治区柳州市
351,新疆青松建材化工（集团）股份有限公司,600425,青松建化,2003-07-24,,,,新疆维吾尔自治区阿克苏地区
352,山东华鲁恒升化工股份有限公司,600426,华鲁恒升,2002-06-20,,,,山东省德州市
353,中远海运特种运输股份有限公司,600428,中远海特,2002-04-18,,,,广东省广州市
354,北京三元食品股份有限公司,600429,三元股份,2003-09-15,,,,北京市
355,吉林吉恩镍业股份有限公司,600432,*ST吉恩,2003-09-05,,,,吉林省吉林市
356,广东冠豪高新技术股份有限公司,600433,冠豪高新,2003-06-19,,,,广东省湛江市
357,北方导航控制技术股份有限公司,600435,北方导航,2003-07-04,,,,北京市
358,漳州片仔癀药业股份有限公司,600436,片仔癀,2003-06-16,,,,福建省漳州市
359,通威股份有限公司,600438,通威股份,2004-03-02,,,,四川省成都市
360,河南瑞贝卡发制品股份有限公司,600439,瑞贝卡,2003-07-10,,,,河南省许昌市
361,国机通用机械科技股份有限公司,600444,国机通用,2004-02-19,,,,安徽省合肥市
362,深圳市金证科技股份有限公司,600446,金证股份,2003-12-24,,,,广东省深圳市
363,华纺股份有限公司,600448,华纺股份,2001-09-03,,,,山东省滨州市
364,宁夏建材集团股份有限公司,600449,宁夏建材,2003-08-29,,,,宁夏回族自治区银川市
365,重庆涪陵电力实业股份有限公司,600452,涪陵电力,2004-03-03,,,,重庆市
366,西安博通资讯股份有限公司,600455,博通股份,2004-03-29,,,,陕西省西安市
367,宝鸡钛业股份有限公司,600456,宝钛股份,2002-04-12,,,,陕西省宝鸡市
368,株洲时代新材料科技股份有限公司,600458,时代新材,2002-12-19,,,,湖南省株洲市
369,贵研铂业股份有限公司,600459,贵研铂业,2003-05-16,,,,云南省昆明市
370,杭州士兰微电子股份有限公司,600460,士兰微,2003-03-11,,,,浙江省杭州市
371,江西洪城水业股份有限公司,600461,洪城水业,2004-06-01,,,,江西省南昌市
372,深圳九有股份有限公司,600462,九有股份,2003-09-03,,,,广东省深圳市
373,北京空港科技园区股份有限公司,600463,空港股份,2004-03-18,,,,北京市
374,四川蓝光发展股份有限公司,600466,蓝光发展,2001-02-12,,,,四川省成都市
375,山东好当家海洋发展股份有限公司,600467,好当家,2004-04-05,,,,山东省威海市
376,天津百利特精电气股份有限公司,600468,百利电气,2001-06-15,,,,天津市
377,风神轮胎股份有限公司,600469,风神股份,2003-10-21,,,,河南省焦作市
378,安徽六国化工股份有限公司,600470,六国化工,2004-03-05,,,,安徽省铜陵市
379,无锡华光锅炉股份有限公司,600475,华光股份,2003-07-21,,,,江苏省无锡市
380,湖南湘邮科技股份有限公司,600476,湘邮科技,2003-12-10,,,,湖南省长沙市
381,杭萧钢构股份有限公司,600477,杭萧钢构,2003-11-10,,,,浙江省杭州市
382,湖南科力远新能源股份有限公司,600478,科力远,2003-09-18,,,,湖南省长沙市
383,株洲千金药业股份有限公司,600479,千金药业,2004-03-12,,,,湖南省株洲市
384,凌云工业股份有限公司,600480,凌云股份,2003-08-15,,,,河北省保定市
385,双良节能系统股份有限公司,600481,双良节能,2003-04-22,,,,江苏省无锡市
386,中国船舶重工集团动力股份有限公司,600482,中国动力,2004-07-14,,,,河北省保定市
387,福建福能股份有限公司,600483,福能股份,2004-05-31,,,,福建省南平市
388,北京信威科技集团股份有限公司,600485,信威集团,2003-08-07,,,,北京市
389,江苏扬农化工股份有限公司,600486,扬农化工,2002-04-25,,,,江苏省扬州市
390,江苏亨通光电股份有限公司,600487,亨通光电,2003-08-22,,,,江苏省苏州市
391,天津天药药业股份有限公司,600488,天药股份,2001-06-18,,,,天津市
392,中金黄金股份有限公司,600489,中金黄金,2003-08-14,,,,北京市
393,鹏欣环球资源股份有限公司,600490,鹏欣资源,2003-06-26,,,,上海市
394,龙元建设集团股份有限公司,600491,龙元建设,2004-05-24,,,,浙江省宁波市
395,福建凤竹纺织科技股份有限公司,600493,凤竹纺织,2004-04-21,,,,福建省泉州市
396,晋西车轴股份有限公司,600495,晋西车轴,2004-05-26,,,,山西省太原市
397,长江精工钢结构（集团）股份有限公司,600496,精工钢构,2002-06-05,,,,安徽省六安市
398,云南驰宏锌锗股份有限公司,600497,驰宏锌锗,2004-04-20,,,,云南省曲靖市
399,烽火通信科技股份有限公司,600498,烽火通信,2001-08-23,,,,湖北省武汉市
400,广东科达洁能股份有限公司,600499,科达洁能,2002-10-10,,,,广东省佛山市
401,中化国际（控股）股份有限公司,600500,中化国际,2000-03-01,,,,上海市
402,航天晨光股份有限公司,600501,航天晨光,2001-06-15,,,,江苏省南京市
403,安徽水利开发股份有限公司,600502,安徽水利,2003-04-15,,,,安徽省蚌埠市
404,华丽家族股份有限公司,600503,华丽家族,2002-07-09,,,,上海市
405,四川西昌电力股份有限公司,600505,西昌电力,2002-05-30,,,,四川省凉山彝族自治州
406,新疆库尔勒香梨股份有限公司,600506,香梨股份,2001-12-26,,,,新疆维吾尔自治区巴音郭楞蒙古自治州
407,方大特钢科技股份有限公司,600507,香梨股份,2003-09-30,,,,江西省南昌市
408,上海大屯能源股份有限公司,600508,上海能源,2001-08-29,,,,上海市
409,新疆天富能源股份有限公司,600509,天富能源,2002-02-28,,,,新疆维吾尔自治区石河子市
410,黑牡丹（集团）股份有限公司,600510,黑牡丹,2002-06-18,,,,江苏省常州市
411,国药集团药业股份有限公司,600511,国药股份,2002-11-27,,,,北京市
412,腾达建设集团股份有限公司,600512,腾达建设,2002-11-26,,,,浙江省台州市
413,江苏联环药业股份有限公司,600513,联环药业,2003-03-19,,,,江苏省扬州市
414,海南海航基础设施投资集团股份有限公司,600515,海航基础,2002-08-06,,,,海南省海口市
415,方大炭素新材料科技股份有限公司,600516,方大炭素,2002-08-30,,,,甘肃省兰州市
416,上海置信电气股份有限公司,600517,置信电气,2003-10-10,,,,上海市
417,康美药业股份有限公司,600518,康美药业,2001-03-19,,,,广东省揭阳市
418,贵州茅台酒股份有限公司,600519,贵州茅台,2001-08-27,,,,贵州省遵义市
419,铜陵中发三佳科技股份有限公司,600520,*ST中发,2002-01-08,,,,安徽省铜陵市
420,浙江华海药业股份有限公司,600521,华海药业,2003-03-04,,,,浙江省台州市
421,江苏中天科技股份有限公司,600522,中天科技,2002-10-24,,,,江苏省南通市
422,贵州贵航汽车零部件股份有限公司,600523,贵航股份,2001-12-27,,,,贵州省贵阳市
423,长园集团股份有限公司,600525,长园集团,2002-12-02,,,,广东省深圳市
424,浙江菲达环保科技股份有限公司,600526,菲达环保,2002-07-22,,,,浙江省绍兴市
425,江苏江南高纤股份有限公司,600527,菲达环保,2003-11-27,,,,江苏省苏州市
426,中铁高新工业股份有限公司,600528,中铁二局,2001-05-28,,,,四川省成都市
427,山东省药用玻璃股份有限公司,600529,山东药玻,2002-06-03,,,,山东省淄博市
428,上海交大昂立股份有限公司,600530,交大昂立,2001-07-02,,,,上海市
429,河南豫光金铅股份有限公司,600531,豫光金铅,2002-07-30,,,,河南省济源市
430,上海宏达矿业股份有限公司,600532,宏达矿业,2002-10-31,,,,上海市
431,南京栖霞建设股份有限公司,600533,栖霞建设,2002-03-28,,,,江苏省南京市
432,天士力制药集团股份有限公司,600535,天士力,2002-08-23,,,,天津市
433,中国软件与技术服务股份有限公司,600536,中国软件,2002-05-17,,,,北京市
434,亿晶光电科技股份有限公司,600537,亿晶光电,2003-01-23,,,,浙江省宁波市
435,北海国发海洋生物产业股份有限公司,600538,国发股份,2003-01-14,,,,广西壮族自治区北海市
436,太原狮头水泥股份有限公司,600539,ST狮头,2001-08-24,,,,山西省太原市
437,新疆赛里木现代农业股份有限公司,600540,新赛股份,2004-01-07,,,,新疆维吾尔自治区博尔塔拉蒙古自治州
438,甘肃莫高实业发展股份有限公司,600543,莫高股份,2004-03-24,,,,甘肃省兰州市
439,新疆城建（集团）股份有限公司,600545,新疆城建,2003-12-03,,,,新疆维吾尔自治区乌鲁木齐市
440,山煤国际能源集团股份有限公司,600546,*ST山煤,2003-07-31,,,,山西省太原市
441,山东黄金矿业股份有限公司,600547,山东黄金,2003-08-28,,,,山东省济南市
442,深圳高速公路股份有限公司,600548,深高速,2001-12-25,,,,广东省深圳市
443,厦门钨业股份有限公司,600549,厦门钨业,2002-11-07,,,,福建省厦门市
444,保定天威保变电气股份有限公司,600550,保变电气,2001-02-28,,,,河北省保定市
445,时代出版传媒股份有限公司,600551,时代出版,2002-09-05,,,,安徽省合肥市
446,凯盛科技股份有限公司,600552,凯盛科技,2002-11-08,,,,安徽省蚌埠市
447,海航创新（海南）股份有限公司,600555,海航创新,2001-03-28,900955,海创B股,900955,海南省三亚市
448,广西慧球科技股份有限公司,600556,ST慧球,2001-08-07,,,,广西壮族自治区北海市
449,江苏康缘药业股份有限公司,600557,康缘药业,2002-09-18,,,,江苏省连云港市
450,四川大西洋焊接材料股份有限公司,600558,大西洋,2001-02-27,,,,四川省自贡市
451,河北衡水老白干酒业股份有限公司,600559,老白干酒,2002-10-29,,,,河北省衡水市
452,北京金自天正智能控制股份有限公司,600560,金自天正,2002-09-19,,,,北京市
453,江西长运股份有限公司,600561,江西长运,2002-07-16,,,,江西省南昌市
454,国睿科技股份有限公司,600562,国睿科技,2003-01-28,,,,江苏省南京市
455,厦门法拉电子股份有限公司,600563,法拉电子,2002-12-10,,,,福建省厦门市
456,重庆市迪马实业股份有限公司,600565,迪马股份,2002-07-23,,,,重庆市
457,湖北济川药业股份有限公司,600566,济川药业,2001-08-22,,,,湖北省荆州市
458,安徽山鹰纸业股份有限公司,600567,山鹰纸业,2001-12-18,,,,安徽省马鞍山市
459,中珠医疗控股股份有限公司,600568,中珠医疗,2001-05-18,,,,湖北省潜江市
460,安阳钢铁股份有限公司,600569,安阳钢铁,2001-08-20,,,,河南省安阳市
461,恒生电子股份有限公司,600570,恒生电子,2003-12-16,,,,浙江省杭州市
462,信雅达系统工程股份有限公司,600571,信雅达,2002-11-01,,,,浙江省杭州市
463,浙江康恩贝制药股份有限公司,600572,康恩贝,2004-04-12,,,,浙江省金华市
464,福建省燕京惠泉啤酒股份有限公司,600573,惠泉啤酒,2003-02-26,,,,福建省泉州市
465,安徽皖江物流（集团）股份有限公司,600575,皖江物流,2003-03-28,,,,安徽省芜湖市
466,浙江万好万家文化股份有限公司,600576,万家文化,2003-02-20,,,,浙江省杭州市
467,铜陵精达特种电磁线股份有限公司,600577,精达股份,2002-09-11,,,,安徽省铜陵市
468,北京京能电力股份有限公司,600578,京能电力,2002-05-10,,,,北京市
469,青岛天华院化学工程股份有限公司,600579,天华院,2002-08-09,,,,山东省青岛市
470,卧龙电气集团股份有限公司,600580,卧龙电气,2002-06-06,,,,浙江省绍兴市
471,新疆八一钢铁股份有限公司,600581,*ST八钢,2002-08-16,,,,新疆维吾尔自治区乌鲁木齐市
472,天地科技股份有限公司,600582,天地科技,2002-05-15,,,,北京市
473,海洋石油工程股份有限公司,600583,海油工程,2002-02-05,,,,天津市
474,江苏长电科技股份有限公司,600584,长电科技,2003-06-03,,,,江苏省无锡市
475,安徽海螺水泥股份有限公司,600585,海螺水泥,2002-02-07,,,,安徽省芜湖市
476,山东金晶科技股份有限公司,600586,金晶科技,2002-08-15,,,,山东省淄博市
477,山东新华医疗器械股份有限公司,600587,新华医疗,2002-09-27,,,,山东省淄博市
478,用友网络科技股份有限公司,600588,用友网络,2001-05-18,,,,北京市
479,广东榕泰实业股份有限公司,600589,广东榕泰,2001-06-12,,,,广东省揭阳市
480,泰豪科技股份有限公司,600590,泰豪科技,2002-07-03,,,,江西省南昌市
481,福建龙溪轴承（集团）股份有限公司,600592,龙溪股份,2002-08-05,,,,福建省漳州市
482,大连圣亚旅游控股股份有限公司,600593,大连圣亚,2002-07-11,,,,辽宁省大连市
483,贵州益佰制药股份有限公司,600594,益佰制药,2004-03-23,,,,贵州省贵阳市
484,河南中孚实业股份有限公司,600595,中孚实业,2002-06-26,,,,河南省郑州市
485,浙江新安化工集团股份有限公司,600596,新安股份,2001-09-06,,,,浙江省杭州市
486,光明乳业股份有限公司,600597,光明乳业,2002-08-28,,,,上海市
487,黑龙江北大荒农业股份有限公司,600598,北大荒,2002-03-29,,,,黑龙江省哈尔滨市
488,熊猫金控股份有限公司,600599,熊猫金控,2001-08-28,,,,湖南省长沙市
489,青岛啤酒股份有限公司,600600,青岛啤酒,1993-08-27,,,,山东省青岛市
490,方正科技集团股份有限公司,600601,方正科技,1990-12-19,,,,上海市
491,云赛智联股份有限公司,600602,云赛智联,1990-12-19,900901,云赛B股,1992-02-21,上海市
492,大洲兴业控股股份有限公司,600603,*ST兴业,1992-01-13,,,,福建省厦门市
493,上海市北高新股份有限公司,600604,市北高新,1992-03-27,900902,市北B股,1992-07-01,上海市
494,上海汇通能源股份有限公司,600605,汇通能源,1992-03-27,,,,上海市
495,绿地控股集团股份有限公司,600606,绿地控股,1992-03-27,,,,上海市
496,上海宽频科技股份有限公司,600608,上海科技,1992-03-27,,,,上海市
497,金杯汽车股份有限公司,600609,金杯汽车,1992-07-24,,,,辽宁省沈阳市
498,上海中毅达股份有限公司,600610,中毅达,1992-08-05,900906,中毅达B,1992-08-05,上海市
499,大众交通（集团）股份有限公司,600611,大众交通,1992-08-07,900903,大众B股,1992-08-07,上海市
500,老凤祥股份有限公司,600612,老凤祥,1992-08-14,900905,老凤祥B,1992-08-14,上海市
501,上海神奇制药投资管理股份有限公司,600613,神奇制药,1993-08-20,900904,神奇B股,1993-08-20,上海市
502,鹏起科技发展股份有限公司,600614,鹏起科技,1992-08-28,900907,鹏起B股,1992-08-28,上海市
503,上海丰华（集团）股份有限公司,600615,丰华股份,1992-09-10,,,,上海市
504,上海金枫酒业股份有限公司,600616,金枫酒业,1992-09-29,,,,上海市
505,山西省国新能源股份有限公司,600617,国新能源,1992-10-13,900913,国新B股,1993-09-28,山西省太原市
506,上海氯碱化工股份有限公司,600618,氯碱化工,1992-11-13,900908,氯碱B股,1992-11-13,上海市
507,上海海立（集团）股份有限公司,600619,海立股份,1992-11-16,900910,海立B股,1993-01-18,上海市
508,上海市天宸股份有限公司,600620,天宸股份,1992-11-17,,,,上海市
509,上海华鑫股份有限公司,600621,华鑫股份,1992-12-02,,,,上海市
510,上海嘉宝实业（集团）股份有限公司,600622,嘉宝集团,1992-12-03,,,,上海市
511,上海华谊集团股份有限公司,600623,华谊集团,1992-12-04,900909,华谊B股,1992-12-04,上海市
512,上海复旦复华科技股份有限公司,600624,复旦复华,1993-01-05,,,,上海市
513,上海申达股份有限公司,600626,申达股份,1993-01-07,,,,上海市
514,上海新世界股份有限公司,600628,新世界,1993-01-19,,,,上海市
515,华东建筑集团股份有限公司,600629,华建集团,1993-02-09,,,,上海市
516,上海龙头（集团）股份有限公司,600630,龙头股份,1993-02-09,,,,上海市
517,浙报传媒集团股份有限公司,600633,浙报传媒,1993-03-04,,,,浙江省杭州市
518,上海中技投资控股股份有限公司,600634,中技控股,1993-03-04,,,,上海市
519,上海大众公用事业（集团）股份有限公司,600635,大众公用,1993-03-04,,,,上海市
520,上海三爱富新材料股份有限公司,600636,三爱富,1993-03-16,,,,上海市
521,上海东方明珠新媒体股份有限公司,600637,东方明珠,1993-03-16,,,,上海市
522,上海新黄浦置业股份有限公司,600638,新黄浦,1993-03-26,,,,上海市
523,上海金桥出口加工区开发股份有限公司,600639,浦东金桥,1993-03-26,900911,金桥B股,1993-05-31,上海市
524,号百控股股份有限公司,600640,号百控股,1993-04-07,,,,上海市
525,上海万业企业股份有限公司,600641,万业企业,1993-04-07,,,,上海市
526,申能股份有限公司,600642,申能股份,1993-04-16,,,,上海市
527,上海爱建集团股份有限公司,600643,爱建集团,1993-04-26,,,,上海市
528,乐山电力股份有限公司,600644,乐山电力,1993-04-26,,,,四川省乐山市
529,中源协和细胞基因工程股份有限公司,600645,中源协和,1993-05-04,,,,天津市
530,上海同达创业投资股份有限公司,600647,同达创业,1993-05-04,,,,上海市
531,上海外高桥集团股份有限公司,600648,外高桥,1993-05-04,900912,外高B股,1993-07-26,上海市
532,上海城投控股股份有限公司,600649,城投控股,1993-05-18,,,,上海市
533,上海锦江国际实业投资股份有限公司,600650,锦江投资,1993-06-07,900914,锦投B股,1993-10-18,上海市
534,上海飞乐音响股份有限公司,600651,飞乐音响,1986-09-26（证券业务部挂牌交易日）                            1990-12-19（转至上交所交易日）,,,,上海市
535,上海游久游戏股份有限公司,600652,游久游戏,1986-09-26（证券业务部挂牌交易日）                            1990-12-19（转至上交所交易日）,,,,上海市
536,上海申华控股股份有限公司,600653,申华控股,1986-09-26（证券业务部挂牌交易日）                            1990-12-19（转至上交所交易日）,,,,上海市
537,中安消股份有限公司,600654,中安消,1986-09-26（证券业务部挂牌交易日）                            1990-12-19（转至上交所交易日）,,,,上海市
538,上海豫园旅游商城股份有限公司,600655,豫园商城,1992-09-02,,,,上海市
539,信达地产股份有限公司,600657,信达地产,1993-05-24,,,,北京市
540,北京电子城投资开发股份有限公司,600658,电子城,1993-05-24,,,,北京市
541,福耀玻璃工业集团股份有限公司,600660,福耀玻璃,1993-06-10,,,,福建省福州市
542,上海新南洋股份有限公司,600661,新南洋,1993-06-14,,,,上海市
543,上海强生控股股份有限公司,600662,强生控股,1993-06-14,,,,上海市
544,上海陆家嘴金融贸易区开发股份有限公司,600663,陆家嘴,1993-06-28,900932,陆家B股,1994-11-22,上海市
545,哈药集团股份有限公司,600664,哈药股份,1993-06-29,,,,黑龙江省哈尔滨市
546,天地源股份有限公司,600665,天地源,1993-07-09,,,,上海市
547,奥瑞德光电股份有限公司,600666,奥瑞德,1993-07-12,,,,重庆市
548,无锡市太极实业股份有限公司,600667,太极实业,1993-07-28,,,,江苏省无锡市
549,浙江尖峰集团股份有限公司,600668,尖峰集团,1993-07-28,,,,浙江省金华市
550,杭州天目山药业股份有限公司,600671,天目药业,1993-08-23,,,,浙江省杭州市
551,广东东阳光科技控股股份有限公司,600673,东阳光科,1993-09-17,,,,广东省韶关市
552,四川川投能源股份有限公司,600674,川投能源,1993-09-24,,,,四川省成都市
553,中华企业股份有限公司,600675,*ST中企,1993-09-24,,,,上海市
554,上海交运集团股份有限公司,600676,交运股份,1993-09-28,,,,上海市
555,航天通信控股集团股份有限公司,600677,航天通信,1993-09-28,,,,浙江省杭州市
556,四川金顶（集团）股份有限公司,600678,四川金顶,1993-10-08,,,,北京市
557,上海凤凰企业（集团）股份有限公司,600679,上海凤凰,1993-10-08,900916,凤凰B股,1993-11-19,上海市
558,上海普天邮通科技股份有限公司,600680,上海普天,1993-10-18,900930,沪普天B,1994-10-20,上海市
559,百川能源股份有限公司,600681,百川能源,1993-10-18,,,,湖北省武汉市
560,南京新街口百货商店股份有限公司,600682,南京新百,1993-10-18,,,,江苏省南京市
561,京投发展股份有限公司,600683,京投发展,1993-10-25,,,,浙江省宁波市
562,广州珠江实业开发股份有限公司,600684,珠江实业,1993-10-28,,,,广东省广州市
563,中船海洋与防务装备股份有限公司,600685,中船防务,1993-10-28,,,,广东省广州市
564,厦门金龙汽车集团股份有限公司,600686,金龙汽车,1993-11-08,,,,福建省厦门市
565,甘肃刚泰控股（集团）股份有限公司,600687,刚泰控股,1993-11-08,,,,甘肃省兰州市
566,中国石化上海石油化工股份有限公司,600688,上海石化,1993-11-08,,,,上海市
567,上海三毛企业（集团）股份有限公司,600689,上海三毛,1993-11-08,900922,三毛B股,1993-12-31,上海市
568,青岛海尔股份有限公司,600690,青岛海尔,1993-11-19,,,,山东省青岛市
569,阳煤化工股份有限公司,600691,阳煤化工,1993-11-19,,,,山西省阳泉市
570,上海亚通股份有限公司,600692,亚通股份,1993-11-19,,,,上海市
571,福建东百集团股份有限公司,600693,东百集团,1993-11-22,,,,福建省福州市
572,大商股份有限公司,600694,大商股份,1993-11-22,,,,辽宁省大连市
573,上海绿庭投资控股集团股份有限公司,600695,绿庭投资,1993-11-22,900919,绿庭B股,1993-12-15,上海市
574,匹凸匹金融信息服务（上海）股份有限公司,600696,匹凸匹,1993-12-06,,,,上海市
575,长春欧亚集团股份有限公司,600697,欧亚集团,1993-12-06,,,,吉林省长春市
576,湖南天雁机械股份有限公司,600698,湖南天雁,1993-12-06,900946,天雁B股,1997-06-17,湖南省衡阳市
577,宁波均胜电子股份有限公司,600699,均胜电子,1993-12-06,,,,浙江省宁波市
578,哈尔滨工大高新技术产业开发股份有限公司,600701,工大高新,1996-05-28,,,,黑龙江省哈尔滨市
579,四川沱牌舍得酒业股份有限公司,600702,沱牌舍得,1996-05-24,,,,四川省遂宁市
580,三安光电股份有限公司,600703,三安光电,1996-05-28,,,,湖北省荆州市
581,物产中大集团股份有限公司,600704,物产中大,1996-06-06,,,,浙江省杭州市
582,中航资本控股股份有限公司,600705,中航资本,1996-05-16,,,,黑龙江省哈尔滨市
583,西安曲江文化旅游股份有限公司,600706,曲江文旅,1996-05-16,,,,陕西省西安市
584,彩虹显示器件股份有限公司,600707,彩虹股份,1996-05-20,,,,陕西省咸阳市
585,光明房地产集团股份有限公司,600708,光明地产,1996-06-06,,,,上海市
586,盛屯矿业集团股份有限公司,600711,盛屯矿业,1996-05-31,,,,福建省厦门市
587,南宁百货大楼股份有限公司,600712,南宁百货,1996-06-26,,,,广西壮族自治区南宁市
588,南京医药股份有限公司,600713,南京医药,1996-07-01,,,,江苏省南京市
589,青海金瑞矿业发展股份有限公司,600714,金瑞矿业,1996-06-06,,,,青海省西宁市
590,文投控股股份有限公司,600715,文投控股,1996-07-01,,,,辽宁省沈阳市
591,江苏凤凰置业投资股份有限公司,600716,凤凰股份,1996-07-02,,,,江苏省南京市
592,天津港股份有限公司,600717,天津港,1996-06-14,,,,天津市
593,东软集团股份有限公司,600718,东软集团,1996-06-18,,,,辽宁省沈阳市
594,大连热电股份有限公司,600719,大连热电,1996-07-16,,,,辽宁省大连市
595,甘肃祁连山水泥集团股份有限公司,600720,祁连山,1996-07-16,,,,甘肃省兰州市
596,新疆百花村股份有限公司,600721,*ST百花,1996-06-26,,,,新疆维吾尔自治区乌鲁木齐市
597,河北金牛化工股份有限公司,600722,金牛化工,1996-06-26,,,,河北省沧州市
598,北京首商集团股份有限公司,600723,首商股份,1996-07-16,,,,北京市
599,宁波富达股份有限公司,600724,宁波富达,1996-07-16,,,,浙江省宁波市
600,云南云维股份有限公司,600725,*ST云维,1996-07-02,,,,云南省曲靖市
601,华电能源股份有限公司,600726,华电能源,1996-07-01,900937,华电B股,1996-04-22,黑龙江省哈尔滨市
602,山东鲁北化工股份有限公司,600727,鲁北化工,1996-07-02,,,,山东省滨州市
603,佳都新太科技股份有限公司,600728,佳都科技,1996-07-16,,,,广东省广州市
604,重庆百货大楼股份有限公司,600729,重庆百货,1996-07-02,,,,重庆市
605,中国高科集团股份有限公司,600730,中国高科,1996-07-26,,,,北京市
606,湖南海利化工股份有限公司,600731,湖南海利,1996-08-02,,,,湖南省长沙市
607,成都前锋电子股份有限公司,600733,S前锋,1996-08-16,,,,四川省成都市
608,福建实达集团股份有限公司,600734,实达集团,1996-08-08,,,,福建省福州市
609,山东新华锦国际股份有限公司,600735,新华锦,1996-07-26,,,,山东省青岛市
610,苏州新区高新技术产业股份有限公司,600736,苏州高新,1996-08-15,,,,江苏省苏州市
611,中粮屯河糖业股份有限公司,600737,中粮糖业,1996-07-31,,,,新疆维吾尔自治区昌吉回族自治州
612,兰州民百（集团）股份有限公司,600738,兰州民百,1996-08-02,,,,甘肃省兰州市
613,辽宁成大股份有限公司,600739,辽宁成大,1996-08-19,,,,辽宁省大连市
614,山西焦化股份有限公司,600740,山西焦化,1996-08-08,,,,山西省临汾市
615,华域汽车系统股份有限公司,600741,华域汽车,1996-08-26,,,,上海市
616,长春一汽富维汽车零部件股份有限公司,600742,一汽富维,1996-08-26,,,,吉林省长春市
617,华远地产股份有限公司,600743,华远地产,1996-09-09,,,,北京市
618,大唐华银电力股份有限公司,600744,华银电力,1996-09-05,,,,湖南省长沙市
619,中茵股份有限公司,600745,中茵股份,1996-08-28,,,,湖北省黄石市
620,江苏索普化工股份有限公司,600746,江苏索普,1996-09-18,,,,江苏省镇江市
621,大连大福控股股份有限公司,600747,大连控股,1996-09-16,,,,辽宁省大连市
622,上海实业发展股份有限公司,600748,上实发展,1996-09-25,,,,上海市
623,西藏旅游股份有限公司,600749,西藏旅游,1996-10-15,,,,西藏自治区拉萨市
624,江中药业股份有限公司,600750,江中药业,1996-09-23,,,,江西省南昌市
625,天津天海投资发展股份有限公司,600751,天海投资,1996-09-09,900938,天海B股,1996-04-30,天津市
626,河南东方银星投资股份有限公司,600753,东方银星,1996-09-27,,,,河南省商丘市
627,上海锦江国际酒店发展股份有限公司,600754,锦江股份,1996-10-11,900934,锦江B股,1994-12-15,上海市
628,厦门国贸集团股份有限公司,600755,厦门国贸,1996-10-03,,,,福建省厦门市
629,浪潮软件股份有限公司,600756,浪潮软件,1996-09-23,,,,山东省泰安市
630,长江出版传媒股份有限公司,600757,长江传媒,1996-10-03,,,,湖北省武汉市
631,辽宁红阳能源投资股份有限公司,600758,红阳能源,1996-10-29,,,,辽宁省沈阳市
632,洲际油气股份有限公司,600759,洲际油气,1996-10-08,,,,海南省海口市
633,中航黑豹股份有限公司,600760,*ST黑豹,1996-10-11,,,,山东省威海市
634,安徽合力股份有限公司,600761,安徽合力,1996-10-09,,,,安徽省合肥市
635,通策医疗投资股份有限公司,600763,通策医疗,1996-10-30,,,,浙江省杭州市
636,中电广通股份有限公司,600764,中电广通,1996-11-04,,,,北京市
637,中航重机股份有限公司,600765,中航重机,1996-11-06,,,,贵州省贵阳市
638,烟台园城黄金股份有限公司,600766,园城黄金,1996-10-28,,,,山东省烟台市
639,运盛（上海）医疗科技股份有限公司,600767,运盛医疗,1996-11-15,,,,上海市
640,宁波富邦精业集团股份有限公司,600768,宁波富邦,1996-11-11,,,,浙江省宁波市
641,武汉祥龙电业股份有限公司,600769,祥龙电业,1996-11-01,,,,湖北省武汉市
642,江苏综艺股份有限公司,600770,综艺股份,1996-11-20,,,,江苏省南通市
643,广誉远中药股份有限公司,600771,广誉远,1996-11-05,,,,青海省西宁市
644,西藏城市发展投资股份有限公司,600773,西藏城投,1996-11-08,,,,西藏自治区拉萨市
645,武汉市汉商集团股份有限公司,600774,汉商集团,1996-11-08,,,,湖北省武汉市
646,南京熊猫电子股份有限公司,600775,南京熊猫,1996-11-18,,,,江苏省南京市
647,东方通信股份有限公司,600776,东方通信,1996-11-26,900941,东信B股,1996-08-09,浙江省杭州市
648,山东新潮能源股份有限公司,600777,新潮能源,1996-11-21,,,,山东省烟台市
649,新疆友好（集团）股份有限公司,600778,友好集团,1996-12-03,,,,新疆维吾尔自治区乌鲁木齐市
650,四川水井坊股份有限公司,600779,水井坊,1996-12-06,,,,四川省成都市
651,山西通宝能源股份有限公司,600780,通宝能源,1996-12-05,,,,山西省太原市
652,辅仁药业集团实业股份有限公司,600781,辅仁药业,1996-12-18,,,,河南省周口市
653,新余钢铁股份有限公司,600782,新钢股份,1996-12-25,,,,江西省新余市
654,鲁信创业投资集团股份有限公司,600783,鲁信创投,1996-12-25,,,,山东省淄博市
655,鲁银投资集团股份有限公司,600784,鲁银投资,1996-12-25,,,,山东省烟台市
656,银川新华百货商业集团股份有限公司,600785,新华百货,1997-01-08,,,,宁夏回族自治区银川市
657,中储发展股份有限公司,600787,中储股份,1997-01-21,,,,天津市
658,山东鲁抗医药股份有限公司,600789,鲁抗医药,1997-02-26,,,,山东省济宁市
659,浙江中国轻纺城集团股份有限公司,600790,轻纺城,1997-02-28,,,,浙江省绍兴市
660,京能置业股份有限公司,600791,京能置业,1997-01-30,,,,北京市
661,云南煤业能源股份有限公司,600792,云煤能源,1997-01-23,,,,云南省昆明市
662,宜宾纸业股份有限公司,600793,宜宾纸业,1997-02-20,,,,四川省宜宾市
663,张家港保税科技股份有限公司,600794,保税科技,1997-03-06,,,,江苏省苏州市
664,国电电力发展股份有限公司,600795,国电电力,1997-03-18,,,,辽宁省大连市
665,浙江钱江生物化学股份有限公司,600796,钱江生化,1997-04-08,,,,浙江省嘉兴市
666,浙大网新科技股份有限公司,600797,浙大网新,1997-04-18,,,,浙江省杭州市
667,宁波海运股份有限公司,600798,宁波海运,1997-04-23,,,,浙江省宁波市
668,天津环球磁卡股份有限公司,600800,天津磁卡,1993-12-06,,,,天津市
669,华新水泥股份有限公司,600801,华新水泥,1994-01-03,900933,华新B股,1994-12-09,湖北省黄石市
670,福建水泥股份有限公司,600802,福建水泥,1994-01-03,,,,福建省福州市
671,新奥生态控股股份有限公司,600803,新奥股份,1994-01-03,,,,河北省石家庄市
672,鹏博士电信传媒集团股份有限公司,600804,鹏博士,1994-01-03,,,,四川省成都市
673,江苏悦达投资股份有限公司,600805,悦达投资,1994-01-03,,,,江苏省盐城市
674,沈机集团昆明机床股份有限公司,600806,*ST昆机,1994-01-03,,,,云南省昆明市
675,山东天业恒基股份有限公司,600807,天业股份,1994-01-03,,,,山东省济南市
676,马鞍山钢铁股份有限公司,600808,马钢股份,1994-01-06,,,,安徽省马鞍山市
677,山西杏花村汾酒厂股份有限公司,600809,山西汾酒,1994-01-06,,,,山西省吕梁市
678,神马实业股份有限公司,600810,神马股份,1994-01-06,,,,河南省平顶山市
679,东方集团股份有限公司,600811,盛屯矿业,1994-01-06,,,,黑龙江省哈尔滨市
680,华北制药股份有限公司,600812,华北制药,1994-01-14,,,,河北省石家庄市
681,杭州解百集团股份有限公司,600814,杭州解百,1994-01-14,,,,浙江省杭州市
682,厦门厦工机械股份有限公司,600815,厦工股份,1994-01-28,,,,福建省厦门市
683,安信信托股份有限公司,600816,安信信托,1994-01-28,,,,上海市
684,西安宏盛科技发展股份有限公司,600817,宏盛科技,1994-01-28,,,,陕西省西安市
685,中路股份有限公司,600818,中路股份,1994-01-28,900915,中路B股,1993-11-15,上海市
686,上海耀皮玻璃集团股份有限公司,600819,耀皮玻璃,1994-01-28,,,,上海市
687,上海隧道工程股份有限公司,600820,隧道股份,1994-01-28,,,,上海市
688,天津劝业场（集团）股份有限公司,600821,津劝业,1994-01-28,,,,天津市
689,上海物资贸易股份有限公司,600822,上海物贸,1994-02-04,900927,物贸B股,1994-03-30,上海市
690,上海世茂股份有限公司,600823,世茂股份,1994-02-04,,,,上海市
691,上海益民商业集团股份有限公司,600824,益民集团,1994-02-04,,,,上海市
692,上海新华传媒股份有限公司,600825,新华传媒,1994-02-04,,,,上海市
693,上海兰生股份有限公司,600826,兰生股份,1994-02-04,,,,上海市
694,上海百联集团股份有限公司,600827,百联股份,1994-02-04,900923,百联B股,1994-01-05,上海市
695,茂业商业股份有限公司,600828,茂业商业,1994-02-24,,,,四川省成都市
696,哈药集团人民同泰医药股份有限公司,600829,人民同泰,1994-02-24,,,,黑龙江省哈尔滨市
697,香溢融通控股集团股份有限公司,600830,香溢融通,1994-02-24,,,,浙江省宁波市
698,陕西广电网络传媒（集团）股份有限公司,600831,广电网络,1994-02-24,,,,陕西省西安市
699,上海第一医药股份有限公司,600833,第一医药,1994-02-24,,,,上海市
700,上海申通地铁股份有限公司,600834,申通地铁,1994-02-24,,,,上海市
701,上海机电股份有限公司,600835,上海机电,1994-02-24,900925,机电B股,1997-01-31,上海市
702,上海界龙实业集团股份有限公司,600836,界龙实业,1994-02-24,,,,上海市
703,海通证券股份有限公司,600837,海通证券,1994-02-24,,,,上海市
704,上海九百股份有限公司,600838,上海九百,1994-02-24,,,,上海市
705,四川长虹电器股份有限公司,600839,四川长虹,1994-03-11,,,,四川省绵阳市
706,上海柴油机股份有限公司,600841,上柴股份,1994-03-11,900920,上柴B股,1993-12-28,上海市
707,上工申贝（集团）股份有限公司,600843,上工申贝,1994-03-11,900924,上工B股,1994-03-11,上海市
708,丹化化工科技股份有限公司,600844,丹化科技,1994-03-11,900921,丹化B股,1993-12-28,上海市
709,上海宝信软件股份有限公司,600845,宝信软件,1994-03-11,900926,宝信B,1994-03-15,上海市
710,上海同济科技实业股份有限公司,600846,同济科技,1994-03-11,,,,上海市
711,重庆万里新能源股份有限公司,600847,万里股份,1994-03-24,,,,重庆市
712,上海临港控股股份有限公司,600848,上海临港,1994-03-24,900928,临港B股,1994-04-29,上海市
713,上海华东电脑股份有限公司,600850,华东电脑,1994-03-24,,,,上海市
714,上海海欣集团股份有限公司,600851,海欣股份,1994-04-04,900917,海欣B股,1993-12-08,上海市
715,龙建路桥股份有限公司,600853,龙建股份,1994-04-04,,,,黑龙江省哈尔滨市
716,江苏春兰制冷设备股份有限公司,600854,春兰股份,1994-04-25,,,,江苏省泰州市
717,北京航天长峰股份有限公司,600855,航天长峰,1994-04-25,,,,北京市
718,长春中天能源股份有限公司,600856,中天能源,1994-04-25,,,,吉林省长春市
719,宁波中百股份有限公司,600857,宁波中百,1994-04-25,,,,浙江省宁波市
720,银座集团股份有限公司,600858,银座股份,1994-05-06,,,,山东省济南市
721,王府井集团股份有限公司,600859,王府井,1994-05-06,,,,北京市
722,北京京城机电股份有限公司,600860,京城股份,1994-05-06,,,,北京市
723,北京城乡商业（集团）股份有限公司,600861,北京城乡,1994-05-20,,,,北京市
724,中航航空高科技股份有限公司,600862,中航高科,1994-05-20,,,,江苏省南通市
725,内蒙古蒙电华能热电股份有限公司,600863,内蒙华电,1994-05-20,,,,内蒙古自治区呼和浩特市
726,哈尔滨哈投投资股份有限公司,600864,哈投股份,1994-08-09,,,,黑龙江省哈尔滨市
727,百大集团股份有限公司,600865,百大集团,1994-08-09,,,,浙江省杭州市
728,广东肇庆星湖生物科技股份有限公司,600866,*ST星湖,1994-08-18,,,,广东省肇庆市
729,通化东宝药业股份有限公司,600867,通化东宝,1994-08-24,,,,吉林省通化市
730,广东梅雁吉祥水电股份有限公司,600868,梅雁吉祥,1994-09-12,,,,广东省梅州市
731,远东智慧能源股份有限公司,600869,智慧能源,1995-02-06,,,,青海省西宁市
732,厦门华侨电子股份有限公司,600870,厦华电子,1995-02-28,,,,福建省厦门市
733,中石化石油工程技术服务股份有限公司,600871,石化油服,1995-04-11,,,,北京市
734,中炬高新技术实业（集团）股份有限公司,600872,中炬高新,1995-01-24,,,,广东省中山市
735,梅花生物科技集团股份有限公司,600873,梅花生物,1995-02-17,,,,西藏自治区拉萨市
736,天津创业环保集团股份有限公司,600874,创业环保,1995-06-30,,,,天津市
737,东方电气股份有限公司,600875,东方电气,1995-10-10,,,,四川省成都市
738,洛阳玻璃股份有限公司,600876,洛阳玻璃,1995-10-31,,,,河南省洛阳市
739,中国嘉陵工业股份有限公司（集团）,600877,中国嘉陵,1995-10-13,,,,重庆市
740,航天时代电子技术股份有限公司,600879,航天电子,1995-11-15,,,,湖北省武汉市
741,成都博瑞传播股份有限公司,600880,博瑞传播,1995-11-15,,,,四川省成都市
742,吉林亚泰（集团）股份有限公司,600881,亚泰集团,1995-11-15,,,,吉林省长春市
743,上海广泽食品科技股份有限公司,600882,广泽股份,1995-12-06,,,,上海市
744,云南博闻科技实业股份有限公司,600883,博闻科技,1995-12-08,,,,云南省保山市
745,宁波杉杉股份有限公司,600884,杉杉股份,1996-01-30,,,,浙江省宁波市
746,宏发科技股份有限公司,600885,宏发股份,1996-02-05,,,,湖北省武汉市
747,国投电力控股股份有限公司,600886,国投电力,1996-01-18,,,,北京市
748,内蒙古伊利实业集团股份有限公司,600887,伊利股份,1996-03-12,,,,内蒙古自治区呼和浩特市
749,新疆众和股份有限公司,600888,新疆众和,1996-02-15,,,,新疆维吾尔自治区乌鲁木齐市
750,南京化纤股份有限公司,600889,南京化纤,1996-03-08,,,,江苏省南京市
751,中房置业股份有限公司,600890,中房股份,1996-03-18,,,,北京市
752,哈尔滨秋林集团股份有限公司,600891,秋林集团,1996-03-25,,,,黑龙江省哈尔滨市
753,大晟时代文化投资股份有限公司,600892,大晟文化,1996-03-15,,,,广东省深圳市
754,中航动力股份有限公司,600893,中航动力,1996-04-08,,,,陕西省西安市
755,广州广日股份有限公司,600894,广日股份,1996-03-28,,,,广东省广州市
756,上海张江高科技园区开发股份有限公司,600895,张江高科,1996-04-22,,,,上海市
757,览海医疗产业投资股份有限公司,600896,览海投资,1996-05-03,,,,海南省海口市
758,元翔（厦门）国际航空港股份有限公司,600897,厦门空港,1996-05-31,,,,福建省厦门市
759,三联商社股份有限公司,600898,三联商社,1996-04-18,,,,山东省济南市
760,中国长江电力股份有限公司,600900,长江电力,2003-11-18,,,,北京市
761,无锡农村商业银行股份有限公司,600908,无锡银行,2016-09-23,,,,江苏省无锡市
762,华安证券股份有限公司,600909,华安证券,2016-12-06,,,,安徽省合肥市
763,重庆燃气集团股份有限公司,600917,重庆燃气,2014-09-30,,,,重庆市
764,江苏银行股份有限公司,600919,江苏银行,2016-08-02,,,,江苏省南京市
765,杭州银行股份有限公司,600926,杭州银行,2016-10-27,,,,浙江省杭州市
766,广西广播电视信息网络股份有限公司,600936,广西广电,2016-08-15,,,,广西壮族自治区南宁市
767,重庆建工集团股份有限公司,600939,重庆建工,2017-02-21,,,,重庆市
768,东方证券股份有限公司,600958,东方证券,2015-03-23,,,,上海市
769,江苏省广电有线信息网络股份有限公司,600959,江苏有线,2015-04-28,,,,江苏省南京市
770,山东滨州渤海活塞股份有限公司,600960,渤海活塞,2004-04-07,,,,山东省滨州市
771,株洲冶炼集团股份有限公司,600961,株冶集团,2004-08-30,,,,湖南省株洲市
772,国投中鲁果汁股份有限公司,600962,国投中鲁,2004-06-22,,,,北京市
773,岳阳林纸股份有限公司,600963,岳阳林纸,2004-05-25,,,,湖南省岳阳市
774,河北福成五丰食品股份有限公司,600965,福成股份,2004-07-13,,,,河北省廊坊市
775,山东博汇纸业股份有限公司,600966,博汇纸业,2004-06-08,,,,山东省淄博市
776,包头北方创业股份有限公司,600967,北方创业,2004-05-18,,,,内蒙古自治区包头市
777,湖南郴电国际发展股份有限公司,600969,郴电国际,2004-04-08,,,,湖南省郴州市
778,中国中材国际工程股份有限公司,600970,中材国际,2005-04-12,,,,江苏省南京市
779,安徽恒源煤电股份有限公司,600971,恒源煤电,2004-08-17,,,,安徽省淮北市
780,宝胜科技创新股份有限公司,600973,宝胜股份,2004-08-02,,,,江苏省盐城市
781,湖南新五丰股份有限公司,600975,新五丰,2004-06-09,,,,湖南省长沙市
782,健民药业集团股份有限公司,600976,健民集团,2004-04-19,,,,湖北省武汉市
783,中国电影股份有限公司,600977,中国电影,2016-08-09,,,,北京市
784,宜华生活科技股份有限公司,600978,宜华生活,2004-08-24,,,,广东省汕头市
785,四川广安爱众股份有限公司,600979,广安爱众,2004-09-06,,,,四川省广安市
786,北矿科技股份有限公司,600980,北矿科技,2004-05-12,,,,北京市
787,江苏汇鸿国际集团股份有限公司,600981,汇鸿集团,2004-06-30,,,,江苏省南京市
788,宁波热电股份有限公司,600982,宁波热电,2004-07-06,,,,浙江省宁波市
789,惠而浦（中国）股份有限公司,600983,惠而浦,2004-07-27,,,,安徽省合肥市
790,陕西建设机械股份有限公司,600984,建设机械,2004-07-07,,,,陕西省西安市
791,安徽雷鸣科化股份有限公司,600985,雷鸣科化,2004-04-28,,,,安徽省淮北市
792,科达集团股份有限公司,600986,科达股份,2004-04-26,,,,山东省东营市
793,浙江航民股份有限公司,600987,航民股份,2004-08-09,,,,浙江省杭州市
794,赤峰吉隆黄金矿业股份有限公司,600988,赤峰黄金,2004-04-14,,,,内蒙古自治区赤峰市
795,安徽四创电子股份有限公司,600990,四创电子,2004-05-10,,,,安徽省合肥市
796,贵州钢绳股份有限公司,600992,贵绳股份,2004-05-14,,,,贵州省遵义市
797,马应龙药业集团股份有限公司,600993,马应龙,2004-05-17,,,,湖北省武汉市
798,云南文山电力股份有限公司,600995,文山电力,2004-06-15,,,,云南省文山市
799,贵州省广播电视信息网络股份有限公司,600996,贵广网络,2016-12-26,,,,贵州省贵阳市
800,开滦能源化工股份有限公司,600997,开滦股份,2004-06-02,,,,河北省唐山市
801,九州通医药集团股份有限公司,600998,九州通,2010-11-02,,,,湖北省武汉市
802,招商证券股份有限公司,600999,招商证券,2009-11-17,,,,广东省深圳市
803,唐山港集团股份有限公司,601000,唐山港,2010-07-05,,,,河北省唐山市
804,大同煤业股份有限公司,601001,大同煤业,2006-06-23,,,,山西省大同市
805,晋亿实业股份有限公司,601002,晋亿实业,2007-01-26,,,,浙江省嘉兴市
806,柳州钢铁股份有限公司,601003,柳钢股份,2007-02-27,,,,广西壮族自治区柳州市
807,重庆钢铁股份有限公司,601005,重庆钢铁,2007-02-28,,,,重庆市
808,大秦铁路股份有限公司,601006,大秦铁路,2006-08-01,,,,山西省大同市
809,金陵饭店股份有限公司,601007,金陵饭店,2007-04-06,,,,江苏省南京市
810,江苏连云港港口股份有限公司,601008,连云港,2007-04-26,,,,江苏省连云港市
811,南京银行股份有限公司,601009,南京银行,2007-07-19,,,,江苏省南京市
812,文峰大世界连锁发展股份有限公司,601110,文峰股份,2011-06-03,,,,江苏省南通市
813,宝泰隆新材料股份有限公司,601011,宝泰隆,2011-06-03,,,,黑龙江省七台河市
814,西安隆基硅材料股份有限公司,601012,隆基股份,2012-04-11,,,,陕西省西安市
815,陕西黑猫焦化股份有限公司,601015,陕西黑猫,2014-11-05,,,,陕西省渭南市
816,中节能风力发电股份有限公司,601016,节能风电,2014-09-29,,,,北京市
817,宁波舟山港股份有限公司,601018,宁波港,2010-09-28,,,,浙江省宁波市
818,西藏华钰矿业股份有限公司,601020,华钰矿业,2016-03-16,,,,西藏自治区拉萨市
819,春秋航空股份有限公司,601021,春秋航空,2015-01-21,,,,上海市
820,江苏玉龙钢管股份有限公司,601028,玉龙股份,2011-11-07,,,,江苏省无锡市
821,第一拖拉机股份有限公司,601038,一拖股份,2012-08-08,,,,河南省洛阳市
822,赛轮金宇集团股份有限公司,601058,赛轮金宇,2011-06-30,,,,山东省青岛市
823,西部黄金股份有限公司,601069,西部黄金,2015-01-22,,,,新疆维吾尔自治区乌鲁木齐市
824,中国神华能源股份有限公司,601088,中国神华,2007-10-09,,,,北京市
825,中南出版传媒集团股份有限公司,601098,中南传媒,2010-10-28,,,,湖南省长沙市
826,太平洋证券股份有限公司,601099,太平洋,2007-12-28,,,,云南省昆明市
827,江苏恒立液压股份有限公司,601100,恒立液压,2011-10-28,,,,江苏省常州市
828,北京昊华能源股份有限公司,601101,昊华能源,2010-03-31,,,,北京市
829,中国第一重型机械股份公司,601106,中国一重,2010-02-09,,,,黑龙江省齐齐哈尔市
830,四川成渝高速公路股份有限公司,601107,四川成渝,2009-07-27,,,,四川省成都市
831,中国国际航空股份有限公司,601111,中国国航,2006-08-18,,,,北京市
832,义乌华鼎锦纶股份有限公司,601113,华鼎股份,2011-05-09,,,,浙江省金华市
833,三江购物俱乐部股份有限公司,601116,三江购物,2011-03-02,,,,浙江省宁波市
834,中国化学工程股份有限公司,601117,中国化学,2010-01-07,,,,北京市
835,海南天然橡胶产业集团股份有限公司,601118,海南橡胶,2011-01-07,,,,海南省海口市
836,北京四方继保自动化股份有限公司,601126,四方股份,2010-12-31,,,,北京市
837,重庆小康工业集团股份有限公司,601127,小康股份,2016-06-15,,,,重庆市
838,江苏常熟农村商业银行股份有限公司,601128,常熟银行,2016-09-30,,,,江苏省苏州市
839,宁波博威合金材料股份有限公司,601137,博威合金,2011-01-27,,,,浙江省宁波市
840,深圳市燃气集团股份有限公司,601139,深圳燃气,2009-12-25,,,,广东省深圳市
841,新城控股集团股份有限公司,601155,新城控股,2015-12-04,,,,江苏省常州市
842,重庆水务集团股份有限公司,601158,重庆水务,2010-03-29,,,,重庆市
843,三角轮胎股份有限公司,601163,三角轮胎,2016-09-09,,,,山东省威海市
844,兴业银行股份有限公司,601166,兴业银行,2007-02-05,,,,福建省福州市
845,西部矿业股份有限公司,601168,西部矿业,2007-07-12,,,,青海省西宁市
846,北京银行股份有限公司,601169,北京银行,2007-09-19,,,,北京市
847,杭州前进齿轮箱集团股份有限公司,601177,杭齿前进,2010-10-11,,,,浙江省杭州市
848,中国西电电气股份有限公司,601179,中国西电,2010-01-28,,,,陕西省西安市
849,中国铁建股份有限公司,601186,中国铁建,2008-03-10,,,,北京市
850,黑龙江交通发展股份有限公司,601188,龙江交通,2010-03-19,,,,黑龙江省哈尔滨市
851,东兴证券股份有限公司,601198,东兴证券,2015-02-26,,,,北京市
852,江苏江南水务股份有限公司,601199,江南水务,2011-03-17,,,,江苏省无锡市
853,上海环境集团股份有限公司,601200,上海环境,2017-03-31,,,,上海市
854,海尔施生物医药股份有限公司,601206,海尔施,未上市,,,,浙江省宁波市
855,四川东材科技集团股份有限公司,601208,东材科技,2011-05-20,,,,四川省绵阳市
856,国泰君安证券股份有限公司,601211,国泰君安,2015-06-26,,,,上海市
857,白银有色集团股份有限公司,601212,白银有色,2017-02-15,,,,甘肃省白银市
858,内蒙古君正能源化工集团股份有限公司,601216,君正集团,2011-02-22,,,,内蒙古自治区乌海市
859,江苏吉鑫风能科技股份有限公司,601218,吉鑫科技,2011-05-06,,,,江苏省无锡市
860,江苏林洋能源股份有限公司,601222,林洋能源,2011-08-08,,,,江苏省南通市
861,陕西煤业股份有限公司,601225,陕西煤业,2014-01-28,,,,陕西省西安市
862,华电重工股份有限公司,601226,华电重工,2014-12-11,,,,北京市
863,广州港股份有限公司,601228,广州港,2017-03-29,,,,广东省广州市
864,上海银行股份有限公司,601229,上海银行,2016-11-16,,,,上海市
865,环旭电子股份有限公司,601231,环旭电子,2012-02-20,,,,上海市
866,桐昆集团股份有限公司,601233,桐昆股份,2011-05-18,,,,浙江省嘉兴市
867,广州汽车集团股份有限公司,601238,广汽集团,2012-03-29,,,,广东省广州市
868,庞大汽贸集团股份有限公司,601258,庞大集团,2011-04-28,,,,河北省唐山市
869,中国农业银行股份有限公司,601288,农业银行,2010-07-15,,,,北京市
870,骆驼集团股份有限公司,601311,骆驼股份,2011-06-02,,,,湖北省襄阳市
871,江南嘉捷电梯股份有限公司,601313,江南嘉捷,2012-01-16,,,,江苏省苏州市
872,中国平安保险（集团）股份有限公司,601318,中国平安,2007-03-01,,,,广东省深圳市
873,秦皇岛港股份有限公司,601326,秦港股份,2017-08-16,,,,河北省秦皇岛市
874,交通银行股份有限公司,601328,交通银行,2007-05-15,,,,上海市
875,广深铁路股份有限公司,601333,广深铁路,2006-12-22,,,,广东省深圳市
876,新华人寿保险股份有限公司,601336,新华保险,2011-12-16,,,,北京市
877,百隆东方股份有限公司,601339,百隆东方,2012-06-12,,,,浙江省宁波市
878,广西绿城水务股份有限公司,601368,绿城水务,2015-06-12,,,,广西壮族自治区南宁市
879,西安陕鼓动力股份有限公司,601369,陕鼓动力,2010-04-28,,,,陕西省西安市
880,中原证券股份有限公司,601375,中原证券,2017-01-03,,,,河南省郑州市
881,兴业证券股份有限公司,601377,兴业证券,2010-10-13,,,,福建省福州市
882,怡球金属资源再生（中国）股份有限公司,601388,怡球资源,2012-04-23,,,,江苏省苏州市
883,中国中铁股份有限公司,601390,中国中铁,2007-12-03,,,,北京市
884,中国工商银行股份有限公司,601398,工商银行,2006-10-27,,,,北京市
885,江苏通用科技股份有限公司,601500,通用股份,2016-09-19,,,,江苏省无锡市
886,汕头东风印刷股份有限公司,601515,东风股份,2012-02-16,,,,广东省汕头市
887,吉林高速公路股份有限公司,601518,吉林高速,2010-03-19,,,,吉林省长春市
888,上海大智慧股份有限公司,601519,大智慧,2010-03-19,,,,吉林省长春市
889,东吴证券股份有限公司,601555,东吴证券,2011-12-12,,,,江苏省苏州市
890,华锐风电科技（集团）股份有限公司,601558,华锐风电,2011-01-13,,,,北京市
891,九牧王股份有限公司,601566,九牧王,2011-05-30,,,,福建省泉州市
892,宁波三星医疗电气股份有限公司,601567,三星医疗,2011-06-15,,,,浙江省宁波市
893,会稽山绍兴酒股份有限公司,601579,会稽山,2010-10-13,,,,福建省福州市
894,北京北辰实业股份有限公司,601588,北辰实业,2006-10-16,,,,北京市
895,上海电影股份有限公司,601595,上海电影,2016-08-17,,,,上海市
896,江苏鹿港文化股份有限公司,601599,鹿港文化,2011-05-27,,,,江苏省苏州市
897,中国铝业股份有限公司,601600,中国铝业,2007-04-30,,,,北京市
898,中国太平洋保险（集团）股份有限公司,601601,中国太保,2007-12-25,,,,上海市
899,上海医药集团股份有限公司,601607                            （原代码600849）,上海医药,1994-03-24,,,,上海市
900,中信重工机械股份有限公司,601608,中信重工,2012-07-06,,,,河南省洛阳市
901,中国核工业建设股份有限公司,601611,中国核建,2016-06-06,,,,北京市
902,上海广电电气（集团）股份有限公司,601616,广电电气,2011-02-01,,,,上海市
903,中国冶金科工股份有限公司,601618,中国中冶,2009-09-21,,,,北京市
904,宁夏嘉泽新能源股份有限公司,603619,嘉泽新能,2017-07-20,,,,宁夏回族自治区银川市
905,中国人寿保险股份有限公司,601628,中国人寿,2007-01-09,,,,北京市
906,长城汽车股份有限公司,601633,长城汽车,2011-09-28,,,,河北省保定市
907,株洲旗滨集团股份有限公司,601636,旗滨集团,2011-08-12,,,,湖南省株洲市
908,平顶山天安煤业股份有限公司,601666,平煤股份,2006-11-23,,,,河南省平顶山市
909,中国建筑股份有限公司,601668,中国建筑,2009-07-29,,,,北京市
910,中国电力建设股份有限公司,601669,中国电建,2011-10-18,,,,北京市
911,河南明泰铝业股份有限公司,601677,明泰铝业,2011-09-19,,,,河南省郑州市
912,滨化集团股份有限公司,601678,滨化股份,2010-02-23,,,,山东省滨州市
913,华泰证券股份有限公司,601688,华泰证券,2010-02-26,,,,江苏省南京市
914,宁波拓普集团股份有限公司,601689,拓普集团,2015-03-19,,,,浙江省宁波市
915,山西潞安环保能源开发股份有限公司,601699,潞安环能,2006-09-22,,,,山西省长治市
916,常熟风范电力设备股份有限公司,601700,风范股份,2011-01-18,,,,江苏省苏州市
917,郑州煤矿机械集团股份有限公司,601717,郑煤机,2010-08-03,,,,河南省郑州市
918,际华集团股份有限公司,601718,际华集团,2010-08-16,,,,北京市
919,上海电气集团股份有限公司,601727,上海电气,2008-12-05,,,,上海市
920,中国中车股份有限公司,601766,中国中车,2008-08-18,,,,北京市
921,力帆实业（集团）股份有限公司,601777,力帆股份,2010-11-25,,,,重庆市
922,光大证券股份有限公司,601788,光大证券,2009-08-18,,,,上海市
923,宁波建工股份有限公司,601789,宁波建工,2011-08-16,,,,浙江省宁波市
924,甘肃蓝科石化高新装备股份有限公司,601798,蓝科高新,2011-06-22,,,,甘肃省兰州市
925,常州星宇车灯股份有限公司,601799,星宇股份,2011-02-01,,,,江苏省常州市
926,中国交通建设股份有限公司,601800,中国交建,2012-03-09,,,,北京市
927,安徽新华传媒股份有限公司,601801,皖新传媒,2010-01-18,,,,安徽省合肥市
928,中海油田服务股份有限公司,601808,中海油服,2007-09-28,,,,天津市
929,新华文轩出版传媒股份有限公司,601811,新华文轩,2016-08-08,,,,四川省成都市
930,中国光大银行股份有限公司,601818,光大银行,2010-08-18,,,,北京市
931,中国石油天然气股份有限公司,601857,中国石油,2007-11-05,,,,北京市
932,中国科技出版传媒股份有限公司,601858,中国科传,2017-01-18,,,,北京市
933,中远海运发展股份有限公司,601866,中远海发,2007-12-12,,,,上海市
934,招商局能源运输股份有限公司,601872,招商轮船,2006-12-01,,,,上海市
935,浙江正泰电器股份有限公司,601877,正泰电器,2010-01-21,,,,浙江省温州市
936,浙商证券股份有限公司,601878,浙商证券,2017-06-26,,,,浙江省杭州市
937,大连港股份有限公司,601880,大连港,2010-12-06,,,,辽宁省大连市
938,中国银河证券股份有限公司,601881,中国银河,2017-01-23,,,,北京市
939,宁波海天精工股份有限公司,601882,海天精工,2016-11-07,,,,浙江省宁波市
940,江河创建集团股份有限公司,601886,江河集团,2011-08-18,,,,北京市
941,中国国旅股份有限公司,601888,中国国旅,2009-10-15,,,,北京市
942,江苏亚星锚链股份有限公司,601890,亚星锚链,2010-12-28,,,,江苏省泰州市
943,中国中煤能源股份有限公司,601898,中煤能源,2008-02-01,,,,北京市
944,紫金矿业集团股份有限公司,601899,紫金矿业,2008-04-25,,,,福建省龙岩市
945,南方出版传媒股份有限公司,601900,南方传媒,2016-02-15,,,,广东省广州市
946,方正证券股份有限公司,601901,方正证券,2011-08-10,,,,湖南省长沙市
947,北京京运通科技股份有限公司,601908,京运通,2011-09-08,,,,北京市
948,国投新集能源股份有限公司,601918,*ST新集,2007-12-19,,,,安徽省淮南市
949,中远海运控股股份有限公司,601919,中远海控,2007-06-26,,,,天津市
950,江苏凤凰出版传媒股份有限公司,601928,凤凰传媒,2011-11-30,,,,江苏省南京市
951,吉视传媒股份有限公司,601929,吉视传媒,2012-02-23,,,,吉林省长春市
952,永辉超市股份有限公司,601933,永辉超市,2010-12-15,,,,福建省福州市
953,中国建设银行股份有限公司,601939,建设银行,2007-09-25,,,,北京市
954,中国出版传媒股份有限公司,601949,中国出版,2017-08-21,,,,北京市
955,金堆城钼业股份有限公司,601958,金钼股份,2008-04-17,,,,陕西省西安市
956,中国汽车工程研究院股份有限公司,601965,中国汽研,2012-06-11,,,,重庆市
957,山东玲珑轮胎股份有限公司,601966,玲珑轮胎,2016-07-06,,,,山东省烟台市
958,上海宝钢包装股份有限公司,601968,宝钢包装,2015-06-11,,,,上海市
959,海南矿业股份有限公司,601969,海南矿业,2014-12-09,,,,海南省昌江黎族自治县
960,中国核能电力股份有限公司,601985,中国核电,2015-06-10,,,,北京市
961,中国银行股份有限公司,601988,中国银行,2006-07-05,,,,北京市
962,中国船舶重工股份有限公司,601989,中国重工,2009-12-16,,,,北京市
963,大唐国际发电股份有限公司,601991,大唐发电,2006-12-20,,,,北京市
964,北京金隅股份有限公司,601992,金隅股份,2011-03-01,,,,北京市
965,广西丰林木业集团股份有限公司,601996,丰林集团,2011-09-29,,,,广西壮族自治区南宁市
966,贵阳银行股份有限公司,601997,贵阳银行,2016-08-16,,,,贵州省贵阳市
967,中信银行股份有限公司,601998,中信银行,2007-04-27,,,,北京市
968,北方联合出版传媒（集团）股份有限公司,601999,出版传媒,2007-12-21,,,,辽宁省沈阳市
969,人民网股份有限公司,603000,人民网,2012-04-27,,,,北京市
970,浙江奥康鞋业股份有限公司,603001,奥康国际,2012-04-26,,,,浙江省温州市
971,宏昌电子材料股份有限公司,603002,宏昌电子,2012-05-18,,,,广东省广州市
972,上海龙宇燃油股份有限公司,603003,龙宇燃油,2012-08-17,,,,上海市
973,苏州晶方半导体科技股份有限公司,603005,晶方科技,2014-02-10,,,,江苏省苏州市
974,上海联明机械股份有限公司,603006,联明股份,2014-06-30,,,,上海市
975,花王生态工程股份有限公司,603007,花王股份,2016-08-26,,,,江苏省镇江市
976,喜临门家具股份有限公司,603008,喜临门,2012-07-17,,,,浙江省绍兴市
977,上海北特科技股份有限公司,603009,北特科技,2014-07-18,,,,上海市
978,浙江万盛股份有限公司,603010,万盛股份,2014-10-10,,,,浙江省台州市
979,合肥合锻智能制造股份有限公司,603011,合锻智能,2014-11-07,,,,安徽省合肥市
980,上海创力集团股份有限公司,603012,创力集团,2015-03-20,,,,上海市
981,宁波弘讯科技股份有限公司,603015,弘讯科技,2015-03-03,,,,浙江省宁波市
982,无锡新宏泰电器科技股份有限公司,603016,新宏泰,2016-07-01,,,,江苏省无锡市
983,中衡设计集团股份有限公司,603017,中衡设计,2014-12-31,,,,江苏省苏州市
984,中设设计集团股份有限公司,603018,中设集团,2014-10-13,,,,江苏省南京市
985,曙光信息产业股份有限公司,603019,中科曙光,2014-11-06,,,,天津市
986,爱普香料集团股份有限公司,603020,爱普股份,2015-03-25,,,,上海市
987,山东华鹏玻璃股份有限公司,603021,山东华鹏,2015-04-23,,,,山东省威海市
988,上海新通联包装股份有限公司,603022,新通联,2015-05-18,,,,上海市
989,哈尔滨威帝电子股份有限公司,603023,威帝股份,2015-05-27,,,,黑龙江省哈尔滨市
990,北京大豪科技股份有限公司,603025,大豪科技,2015-04-22,,,,北京市
991,山东石大胜华化工集团股份有限公司,603026,石大胜华,2015-05-29,,,,山东省东营市
992,千禾味业食品股份有限公司,603027,千禾味业,2016-03-07,,,,四川省眉山市
993,江苏赛福天钢索股份有限公司,603028,赛福天,2016-03-31,,,,江苏省无锡市
994,山东天鹅棉业机械股份有限公司,603029,天鹅股份,2016-04-27,,,,山东省济南市
995,上海全筑建筑装饰集团股份有限公司,603030,全筑股份,2015-03-20,,,,上海市
996,安徽安德利百货股份有限公司,603031,安德利,2016-08-22,,,,安徽省合肥市
997,德力西新疆交通运输集团股份有限公司,603032,德新交运,2017-01-05,,,,新疆维吾尔自治区乌鲁木齐市
998,浙江三维橡胶制品股份有限公司,603033,三维股份,2016-12-07,,,,浙江省台州市
999,常熟市汽车饰件股份有限公司,603035,常熟汽饰,2017-01-05,,,,江苏省苏州市
1000,江苏如通石油机械股份有限公司,603036,如通股份,2016-12-09,,,,江苏省南通市
1001,上海凯众材料科技股份有限公司,603037,凯众股份,2017-01-20,,,,上海市
1002,东莞市华立实业股份有限公司,603038,华立股份,2017-01-16,,,,广东省东莞市
1003,上海泛微网络科技股份有限公司,603039,泛微网络,2017-01-13,,,,上海市
1004,杭州新坐标科技股份有限公司,603040,新坐标,2017-02-09,,,,浙江省杭州市
1005,江苏美思德化学股份有限公司,603041,美思德,2017-03-30,,,,江苏省南京市
1006,南京华脉科技股份有限公司,603042,华脉科技,2017-06-02,,,,江苏省南京市
1007,广州酒家集团股份有限公司,603043,广州酒家,2017-06-27,,,,广东省广州市
1008,石家庄科林电气股份有限公司,603050,科林电气,2017-04-14,,,,河北省石家庄市
1009,贵州永吉印务股份有限公司,603058,永吉股份,2016-12-23,,,,贵州省贵阳市
1010,中国建材检验认证集团股份有限公司,603060,国检集团,2016-11-09,,,,北京市
1011,深圳市禾望电气股份有限公司,603063,禾望电气,2017-07-28,,,,广东省深圳市
1012,南京音飞储存设备股份有限公司,603066,音飞储存,2015-06-11,,,,江苏省南京市
1013,湖北振华化学股份有限公司,603067,振华股份,2016-09-13,,,,湖北省黄石市
1014,海南海汽运输集团股份有限公司,603069,海汽集团,2016-07-12,,,,海南省海口市
1015,四川和邦生物科技股份有限公司,603077,和邦生物,2012-07-31,,,,四川省乐山市
1016,江阴江化微电子材料股份有限公司,603078,江化微,2017-04-10,,,,江苏省无锡市
1017,浙江大丰实业股份有限公司,603081,大丰实业,2017-04-20,,,,浙江省宁波市
1018,浙江天成自控股份有限公司,603085,天成自控,2015-06-30,,,,浙江省台州市
1019,山东先达农化股份有限公司,603086,先达股份,2017-05-11,,,,山东省滨州市
1020,宁波精达成形装备股份有限公司,603088,宁波精达,2014-11-11,,,,浙江省宁波市
1021,浙江正裕工业股份有限公司,603089,正裕工业,2017-01-26,,,,浙江省台州市
1022,无锡宏盛换热器制造股份有限公司,603090,宏盛股份,2016-08-31,,,,江苏省无锡市
1023,新经典文化股份有限公司,603096,新经典,2017-04-25,,,,天津市
1024,森特士兴集团股份有限公司,603098,森特股份,2016-12-16,,,,北京市
1025,长白山旅游股份有限公司,603099,长白山,2014-08-22,,,,吉林省延边朝鲜族自治州
1026,重庆川仪自动化股份有限公司,603100,川仪股份,2014-08-05,,,,重庆市
1027,新疆汇嘉时代百货股份有限公司,603101,汇嘉时代,2016-05-06,,,,新疆维吾尔自治区乌鲁木齐市
1028,上海润达医疗科技股份有限公司,603108,润达医疗,2015-05-27,,,,上海市
1029,南京康尼机电股份有限公司,603111,康尼机电,2014-08-01,,,,江苏省南京市
1030,金能科技股份有限公司,603113,金能科技,2017-05-11,,,,山东省德州市
1031,浙江红蜻蜓鞋业股份有限公司,603116,红蜻蜓,2015-06-29,,,,浙江省温州市
1032,江苏万林现代物流股份有限公司,603117,万林股份,2015-06-29,,,,江苏省泰州市
1033,深圳市共进电子股份有限公司,603118,共进股份,2015-02-25,,,,广东省深圳市
1034,北京翠微大厦股份有限公司,603123,翠微股份,2012-05-03,,,,北京市
1035,中材节能股份有限公司,603126,中材节能,2014-07-31,,,,天津市
1036,港中旅华贸国际物流股份有限公司,603128,华贸物流,2012-05-29,,,,上海市
1037,浙江春风动力股份有限公司,603129,春风动力,2017-08-18,,,,浙江省杭州市
1038,上海沪工焊接集团股份有限公司,603131,上海沪工,2016-06-07,,,,上海市
1039,碳元科技股份有限公司,603133,碳元科技,2017-03-20,,,,江苏省常州市
1040,北京海量数据技术股份有限公司,603138,海量数据,2017-03-06,,,,北京市
1041,陕西康惠制药股份有限公司,603139,康惠制药,2017-04-21,,,,陕西省咸阳市
1042,常州腾龙汽车零部件股份有限公司,603158,腾龙股份,2015-03-20,,,,江苏省常州市
1043,上海亚虹模具股份有限公司,603159,上海亚虹,2016-08-12,,,,上海市
1044,深圳市汇顶科技股份有限公司,603160,汇顶科技,2016-10-17,,,,广东省深圳市
1045,浙江荣晟环保纸业股份有限公司,603165,荣晟环保,2017-01-17,,,,浙江省嘉兴市
1046,桂林福达股份有限公司,603166,福达股份,2014-11-27,,,,广西壮族自治区桂林市
1047,渤海轮渡股份有限公司,603167,渤海轮渡,2012-09-06,,,,山东省烟台市
1048,浙江莎普爱思药业股份有限公司,603168,莎普爱思,2014-07-02,,,,浙江省嘉兴市
1049,兰州兰石重型装备股份有限公司,603169,兰石重装,2014-10-09,,,,甘肃省兰州市
1050,浙江德创环保科技股份有限公司,603177,德创环保,2017-02-07,,,,浙江省绍兴市
1051,宁波圣龙汽车动力系统股份有限公司,603178,圣龙股份,2017-03-28,,,,浙江省宁波市
1052,宁波圣龙汽车动力系统股份有限公司,603178,圣龙股份,2017-03-28,,,,浙江省宁波市
1053,江苏新泉汽车饰件股份有限公司,603179,新泉股份,2017-03-17,,,,江苏省常州市
1054,厦门金牌厨柜股份有限公司,603180,金牌厨柜,2017-05-12,,,,福建省厦门市
1055,浙江华正新材料股份有限公司,603186,华正新材,2017-01-03,,,,浙江省杭州市
1056,江苏亚邦染料股份有限公司,603188,亚邦股份,2014-09-09,,,,江苏省常州市
1057,上海网达软件股份有限公司,603189,网达软件,2016-09-14,,,,上海市
1058,日播时尚集团股份有限公司,603196,日播时尚,2017-05-31,,,,上海市
1059,上海保隆汽车科技股份有限公司,603197,保隆科技,2017-05-19,,,,上海市
1060,安徽迎驾贡酒股份有限公司,603198,迎驾贡酒,2015-05-28,,,,安徽省六安市
1061,安徽九华山旅游发展股份有限公司,603199,九华旅游,2015-03-26,,,,安徽省池州市
1062,上海洗霸科技股份有限公司,603200,上海洗霸,2017-06-01,,,,上海市
1063,常州快克锡焊股份有限公司,603203,快克股份,2016-11-08,,,,江苏省常州市
1064,江山欧派门业股份有限公司,603208,江山欧派,2017-02-10,,,,浙江省衢州市
1065,日月重工股份有限公司,603218,日月股份,2016-12-28,,,,浙江省宁波市
1066,浙江济民制药股份有限公司,603222,济民制药,2015-02-17,,,,浙江省台州市
1067,恒通物流股份有限公司,603223,恒通股份,2015-06-30,,,,山东省威海市
1068,新凤鸣集团股份有限公司,603225,新凤鸣,2017-04-18,,,,浙江省嘉兴市
1069,上海菲林格尔木业股份有限公司,603226,菲林格尔,2017-06-15,,,,上海市
1070,新疆雪峰科技（集团）股份有限公司,603227,雪峰科技,2015-05-15,,,,新疆维吾尔自治区乌鲁木齐市
1071,深圳市景旺电子股份有限公司,603228,景旺电子,2017-01-06,,,,广东省深圳市
1072,浙江奥翔药业股份有限公司,603229,奥翔药业,2017-05-09,,,,浙江省台州市
1073,上海格尔软件股份有限公司,603232,格尔软件,2017-04-21,,,,上海市
1074,大参林医药集团股份有限公司,603233,大参林,2017-07-28,,,,广东省广州市
1075,杭州诺邦无纺股份有限公司,603238,诺邦股份,2017-02-22,,,,浙江省杭州市
1076,浙江仙通橡塑股份有限公司,603239,浙江仙通,2016-12-30,,,,浙江省台州市
1077,杭州电魂网络科技股份有限公司,603258,电魂网络,2016-10-26,,,,浙江省杭州市
1078,宁波天龙电子股份有限公司,603266,天龙股份,2017-01-10,,,,浙江省宁波市
1079,广东松发陶瓷股份有限公司,603268,松发股份,2015-03-19,,,,广东省潮州市
1080,江苏海鸥冷却塔股份有限公司,603269,海鸥股份,2017-05-17,,,,江苏省常州市
1081,江苏日盈电子股份有限公司,603286,日盈电子,2017-06-27,,,,
1082,佛山市海天调味食品股份有限公司,603288,海天味业,2014-02-11,,,,广东省佛山市
1083,杭叉集团股份有限公司,603298,杭叉集团,2016-12-27,,,,浙江省杭州市
1084,江苏井神盐化股份有限公司,603299,井神股份,2015-12-31,,,,江苏省淮安市
1085,浙江华铁建筑安全科技股份有限公司,603300,华铁科技,2015-05-29,,,,浙江省杭州市
1086,横店集团得邦照明股份有限公司,603303,得邦照明,2017-03-30,,,,浙江省金华市
1087,宁波旭升汽车技术股份有限公司,603305,旭升股份,2017-07-10,,,,浙江省宁波市
1088,华懋（厦门）新材料科技股份有限公司,603306,华懋科技,2014-09-26,,,,福建省厦门市
1089,安徽应流机电股份有限公司,603308,应流股份,2014-01-22,,,,安徽省合肥市
1090,广州维力医疗器械股份有限公司,603309,维力医疗,2015-03-02,,,,广东省广州市
1091,浙江金海环境技术股份有限公司,603311,金海环境,2015-05-18,,,,浙江省绍兴市
1092,江苏恒康家居科技股份有限公司,603313,梦百合,2016-10-13,,,,江苏省南通市
1093,浙江诚邦园林股份有限公司,603316,诚邦股份,2017-06-19,,,,浙江省杭州市
1094,大连派思燃气系统股份有限公司,603318,派思股份,2015-04-24,,,,辽宁省大连市
1095,湖南机油泵股份有限公司,603319,湘油泵,2016-11-30,,,,湖南省衡阳市
1096,广东超讯通信技术股份有限公司,603322,超讯通信,2016-07-28,,,,广东省广州市
1097,江苏吴江农村商业银行股份有限公司,603323,吴江银行,2016-11-29,,,,江苏省苏州市
1098,南京我乐家居股份有限公司,603326,我乐家居,2017-06-16,,,,江苏省南京市
1099,广东依顿电子科技股份有限公司,603328,依顿电子,2014-07-01,,,,广东省中山市
1100,上海天洋热熔粘接材料股份有限公司,603330,上海天洋,2017-02-13,,,,上海市
1101,浙江百达精工股份有限公司,603331,百达精工,2017-07-05,,,,浙江省台州市
1102,四川明星电缆股份有限公司,603333,明星电缆,2012-05-07,,,,四川省乐山市
1103,广东迪生力汽配股份有限公司,603335,迪生力,2017-06-20,,,,广东省台山市
1104,宏辉果蔬股份有限公司,603336,宏辉果蔬,2016-11-24,,,,广东省汕头市
1105,杰克缝纫机股份有限公司,603337,杰克股份,2017-01-19,,,,浙江省台州市
1106,浙江鼎力机械股份有限公司,603338,浙江鼎力,2015-03-25,,,,浙江省湖州市
1107,南通四方冷链装备股份有限公司,603339,四方冷链,2016-05-19,,,,江苏省南通市
1108,福建安井食品股份有限公司,603345,安井食品,2017-02-22,,,,福建省厦门市
1109,莱克电气股份有限公司,603355,莱克电气,2015-05-13,,,,江苏省苏州市
1110,安徽省交通规划设计研究总院股份有限公司,603357,设计总院,2017-08-01,,,,安徽省合肥市
1111,华达汽车科技股份有限公司,603358,华达科技,2017-01-25,,,,江苏省泰州市
1112,大连百傲化学股份有限公司,603360,百傲化学,2017-02-06,,,,辽宁省大连市
1113,日出东方太阳能股份有限公司,603366,日出东方,2012-05-21,,,,江苏省连云港市
1114,广西柳州医药股份有限公司,603368,柳州医药,2014-12-04,,,,广西壮族自治区柳州市
1115,江苏今世缘酒业股份有限公司,603369,今世缘,2014-07-03,,,,江苏省淮安市
1116,东方时尚驾驶学校股份有限公司,603377,东方时尚,2016-02-05,,,,北京市
1117,苏州易德龙科技股份有限公司,603380,易德龙,2017-06-22,,,,江苏省苏州市
1118,福建顶点软件股份有限公司,603383,顶点软件,2017-05-22,,,,福建省福州市
1119,惠达卫浴股份有限公司,603385,惠达卫浴,2017-04-05,,,,河北省唐山市
1120,基蛋生物科技股份有限公司,603387,基蛋生物,2017-07-17,,,,江苏省南京市
1121,亚振家具股份有限公司,603389,亚振家居,2016-12-15,,,,江苏省南通市
1122,新疆鑫泰天然气股份有限公司,603393,新天然气,2016-09-12,,,,新疆维吾尔自治区乌鲁木齐市
1123,广东邦宝益智玩具股份有限公司,603398,邦宝益智,2015-12-09,,,,广东省汕头市
1124,锦州新华龙钼业股份有限公司,603399,新华龙,2012-08-24,,,,辽宁省锦州市
1125,无锡信捷电气股份有限公司,603416,信捷电气,2016-12-21,,,,江苏省无锡市
1126,青岛鼎信通讯股份有限公司,603421,鼎信通讯,2016-10-11,,,,山东省青岛市
1127,安徽集友新材料股份有限公司,603429,集友股份,2017-01-24,,,,安徽省安庆市
1128,厦门吉比特网络技术股份有限公司,603444,吉比特,2017-01-04,,,,福建省厦门市
1129,浙江九洲药业股份有限公司,603456,九洲药业,2014-10-10,,,,浙江省台州市
1130,贵州省交通规划勘察设计研究院股份有限公司,603458,勘设股份,2017-08-09,,,,贵州省贵阳市
1131,展鹏科技股份有限公司,603488,展鹏科技,2017-05-16,,,,江苏省无锡市
1132,恒为科技（上海）股份有限公司,603496,恒为科技,2017-06-07,,,,上海市
1133,上海韦尔半导体股份有限公司,603501,韦尔股份,2017-05-04,,,,上海市
1134,金石资源集团股份有限公司,603505,金石资源,2017-05-03,,,,浙江省杭州市
1135,河南思维自动化设备股份有限公司,603508,思维列控,2015-12-24,,,,河南省郑州市
1136,欧普照明股份有限公司,603515,欧普照明,2016-08-19,,,,上海市
1137,绝味食品股份有限公司,603517,绝味食品,2017-03-17,,,,湖北省武汉市
1138,维格娜丝时装股份有限公司,603518,维格娜丝,2014-12-03,,,,江苏省南京市
1139,江苏立霸实业股份有限公司,603519,立霸股份,2015-03-19,,,,江苏省无锡市
1140,浙江司太立制药股份有限公司,603520,司太立,2016-03-09,,,,浙江省台州市
1141,南京多伦科技股份有限公司,603528,多伦科技,2016-05-03,,,,江苏省南京市
1142,广州市嘉诚国际物流股份有限公司,603535,嘉诚国际,2017-08-08,,,,广东省广州市
1143,山东惠发食品股份有限公司,603536,惠发股份,2017-06-13,,,,山东省德州市
1144,宁波美诺华药业股份有限公司,603538,美诺华,2017-04-07,,,,浙江省宁波市
1145,贵人鸟股份有限公司,603555,贵人鸟,2014-01-24,,,,福建省泉州市
1146,杭州海兴电力科技股份有限公司,603556,海兴电力,2016-11-10,,,,浙江省杭州市
1147,起步股份有限公司,603557,起步股份,2017-08-18,,,,浙江省丽水市
1148,浙江健盛集团股份有限公司,603558,健盛集团,2015-01-27,,,,浙江省杭州市
1149,中通国脉通信股份有限公司,603559,中通国脉,2016-12-02,,,,吉林省长春市
1150,普莱柯生物工程股份有限公司,603566,普莱柯,2015-05-18,,,,河南省洛阳市
1151,黑龙江珍宝岛药业股份有限公司,603567,珍宝岛,2015-04-24,,,,黑龙江省鸡西市
1152,浙江伟明环保股份有限公司,603568,伟明环保,2015-05-28,,,,浙江省温州市
1153,北京长久物流股份有限公司,603569,长久物流,2016-08-10,,,,北京市
1154,青岛汇金通电力设备股份有限公司,603577,汇金通,2016-12-22,,,,山东省青岛市
1155,浙江三星新材股份有限公司,603578,三星新材,2017-03-06,,,,浙江省湖州市
1156,上海荣泰健康科技股份有限公司,603579,荣泰健康,2017-01-11,,,,上海市
1157,艾艾精密工业输送系统（上海）股份有限公司,603580,艾艾精工,2017-05-25,,,,上海市
1158,江苏苏利精细化工股份有限公司,603585,苏利股份,2016-12-14,,,,江苏省无锡市
1159,山东金麒麟股份有限公司,603586,金麒麟,2017-04-06,,,,山东省德州市
1160,北京高能时代环境技术股份有限公司,603588,高能环境,2014-12-29,,,,北京市
1161,安徽口子酒业股份有限公司,603589,口子窖,2015-06-29,,,,安徽省淮北市
1162,浙江东尼电子股份有限公司,603595,东尼电子,2017-07-12,,,,浙江省湖州市
1163,引力传媒股份有限公司,603598,引力传媒,2015-05-27,,,,北京市
1164,安徽广信农化股份有限公司,603599,广信股份,2015-05-13,,,,安徽省宣城市
1165,永艺家具股份有限公司,603600,永艺股份,2015-01-23,,,,浙江省湖州市
1166,重庆再升科技股份有限公司,603601,再升科技,2015-01-22,,,,重庆市
1167,杭州纵横通信股份有限公司,603602,纵横通信,2017-08-10,,,,浙江省杭州市
1168,博天环境集团股份有限公司,603603,博天环境,2017-02-17,,,,北京市
1169,宁波东方电缆股份有限公司,603606,东方电缆,2014-10-15,,,,浙江省宁波市
1170,辽宁禾丰牧业股份有限公司,603609,禾丰牧业,2014-08-08,,,,辽宁省沈阳市
1171,诺力机械股份有限公司,603611,诺力股份,2015-01-28,,,,浙江省湖州市
1172,索通发展股份有限公司,603612,索通发展,2017-07-18,,,,山东省德州市
1173,茶花现代家居用品股份有限公司,603615,茶花股份,2017-02-13,,,,福建省福州市
1174,北京韩建河山管业股份有限公司,603616,韩建河山,2015-06-11,,,,北京市
1175,君禾泵业股份有限公司,603617,君禾股份,2017-07-03,,,,浙江省宁波市
1176,杭州电缆股份有限公司,603618,杭电股份,2015-02-17,,,,浙江省杭州市
1177,中曼石油天然气集团股份有限公司,603619,中曼石油,2017-11-17,,,,上海市
1178,昆山科森科技股份有限公司,603626,科森科技,2017-02-09,,,,江苏省苏州市
1179,清源科技（厦门）股份有限公司,603628,清源股份,2017-01-12,,,,福建省厦门市
1180,拉芳家化股份有限公司,603630,拉芳家化,2017-03-13,,,,广东省汕头市
1181,上海徕木电子股份有限公司,603633,徕木电子,2016-11-17,,,,上海市
1182,南威软件股份有限公司,603636,南威软件,2014-12-30,,,,福建省泉州市
1183,镇海石化工程股份有限公司,603637,镇海股份,2017-02-08,,,,浙江省宁波市
1184,烟台艾迪精密机械股份有限公司,603638,艾迪精密,2017-01-20,,,,山东省烟台市
1185,海利尔药业集团股份有限公司,603639,海利尔,2017-01-12,,,,山东省青岛市
1186,合肥泰禾光电科技股份有限公司,603656,泰禾光电,2017-03-21,,,,安徽省合肥市
1187,郑州安图生物工程股份有限公司,603658,安图生物,2016-09-01,,,,河南省郑州市
1188,苏州科达科技股份有限公司,603660,苏州科达,2016-12-01,,,,江苏省苏州市
1189,三祥新材股份有限公司,603663,三祥新材,2016-08-01,,,,福建省宁德市
1190,浙江康隆达特种防护科技股份有限公司,603665,康隆达,2017-03-13,,,,浙江省绍兴市
1191,浙江五洲新春集团股份有限公司,603667,五洲新春,2016-10-25,,,,浙江省绍兴市
1192,福建天马科技集团股份有限公司,603668,天马科技,2017-01-17,,,,福建省福州市
1193,灵康药业集团股份有限公司,603669,灵康药业,2015-05-28,,,,西藏自治区山南市
1194,西藏卫信康医药股份有限公司,603676,卫信康,2017-07-21,,,,西藏自治区拉萨市
1195,奇精机械股份有限公司,603677,奇精机械,2017-02-06,,,,浙江省宁波市
1196,福建火炬电子科技股份有限公司,603678,火炬电子,2015-01-26,,,,福建省泉州市
1197,四川华体照明科技股份有限公司,603679,华体科技,2017-06-21,,,,四川省成都市
1198,福建龙马环卫装备股份有限公司,603686,龙马环卫,2015-01-26,,,,福建省龙岩市
1199,江苏太平洋石英股份有限公司,603688,石英股份,2014-10-31,,,,江苏省连云港市
1200,安徽省天然气开发股份有限公司,603689,皖天然气,2017-01-10,,,,安徽省合肥市
1201,上海至纯洁净系统科技股份有限公司,603690,至纯科技,2017-01-13,,,,上海市
1202,安记食品股份有限公司,603696,安记食品,2015-12-09,,,,福建省泉州市
1203,航天长征化学工程股份有限公司,603698,航天工程,2015-01-28,,,,北京市
1204,苏州纽威阀门股份有限公司,603699,纽威股份,2014-01-17,,,,江苏省苏州市
1205,浙江德宏汽车电子电器股份有限公司,603701,德宏股份,2016-04-12,,,,浙江省湖州市
1206,浙江盛洋科技股份有限公司,603703,盛洋科技,2015-04-23,,,,浙江省绍兴市
1207,南京健友生化制药股份有限公司,603707,健友股份,2017-07-19,,,,江苏省南京市
1208,家家悦集团股份有限公司,603708,家家悦,2016-12-13,,,,山东省威海市
1209,武汉塞力斯医疗科技股份有限公司,603716,塞力斯,2016-10-31,,,,湖北省武汉市
1210,天域生态园林股份有限公司,603717,天域生态,2017-03-27,,,,重庆市
1211,上海海利生物技术股份有限公司,603718,海利生物,2015-05-15,,,,上海市
1212,中广天择传媒股份有限公司,603721,中广天择,2017-08-11,,,,湖南省长沙市
1213,浙江朗迪集团股份有限公司,603726,朗迪集团,2016-04-21,,,,浙江省宁波市
1214,博迈科海洋工程股份有限公司,603727,博迈科,2016-11-22,,,,天津市
1215,上海鸣志电器股份有限公司,603728,鸣志电器,2017-05-09,,,,上海市
1216,上海龙韵广告传播股份有限公司,603729,龙韵股份,2015-03-24,,,,上海市
1217,上海岱美汽车内饰件股份有限公司,603730,岱美股份,2017-07-28,,,,上海市
1218,三棵树涂料股份有限公司,603737,三棵树,2016-06-03,,,,福建省莆田市
1219,湖北泰晶电子科技股份有限公司,603738,泰晶科技,2016-09-28,,,,湖北省随州市
1220,浙江大元泵业股份有限公司,603757,大元泵业,2017-07-11,,,,浙江省台州市
1221,隆鑫通用动力股份有限公司,603766,隆鑫通用,2012-08-10,,,,重庆市
1222,浙江中马传动股份有限公司,603767,中马传动,2017-06-13,,,,浙江省台州市
1223,合肥常青机械股份有限公司,603768,常青股份,2017-03-24,,,,安徽省合肥市
1224,常州永安公共自行车系统股份有限公司,603776,永安行,2017-08-17,,,,江苏省常州市
1225,上海来伊份股份有限公司,603777,来伊份,2016-10-12,,,,上海市
1226,北京乾景园林股份有限公司,603778,乾景园林,2015-12-31,,,,北京市
1227,威龙葡萄酒股份有限公司,603779,威龙股份,2016-05-16,,,,山东省烟台市
1228,江苏新日电动车股份有限公司,603787,新日股份,2017-04-27,,,,江苏省无锡市
1229,宁波高发汽车控制系统股份有限公司,603788,宁波高发,2015-01-20,,,,浙江省宁波市
1230,星光农机股份有限公司,603789,星光农机,2015-04-27,,,,浙江省湖州市
1231,广东联泰环保股份有限公司,603797,联泰环保,2017-04-13,,,,广东省汕头市
1232,青岛康普顿科技股份有限公司,603798,康普顿,2016-04-06,,,,山东省青岛市
1233,浙江华友钴业股份有限公司,603799,华友钴业,2015-01-29,,,,浙江省嘉兴市
1234,苏州道森钻采设备股份有限公司,603800,道森股份,2015-12-10,,,,江苏省苏州市
1235,志邦厨柜股份有限公司,603801,志邦股份,2017-06-30,,,,安徽省合肥市
1236,杭州福斯特光伏材料股份有限公司,603806,福斯特,2014-09-05,,,,浙江省杭州市
1237,深圳歌力思服饰股份有限公司,603808,歌力思,2015-04-22,,,,广东省深圳市
1238,浙江诚意药业股份有限公司,603811,诚意药业,2017-03-15,,,,浙江省温州市
1239,顾家家居股份有限公司,603816,顾家家居,2016-10-14,,,,浙江省杭州市
1240,福建海峡环保集团股份有限公司,603817,海峡环保,2017-02-20,,,,福建省福州市
1241,曲美家居集团股份有限公司,603818,曲美家居,2015-04-22,,,,北京市
1242,常州神力电机股份有限公司,603819,神力股份,2016-11-25,,,,江苏省常州市
1243,浙江嘉澳环保科技股份有限公司,603822,嘉澳环保,2016-04-28,,,,浙江省嘉兴市
1244,百合花集团股份有限公司,603823,百合花,2016-12-20,,,,浙江省杭州市
1245,华扬联众数字技术股份有限公司,603825,华扬联众,2017-08-02,,,,北京市
1246,福建坤彩材料科技股份有限公司,603826,坤彩科技,2017-04-14,,,,福建省福州市
1247,苏州柯利达装饰股份有限公司,603828,柯利达,2015-02-26,,,,江苏省苏州市
1248,欧派家居集团股份有限公司,603833,欧派家居,2017-03-28,,,,广东省广州市
1249,广东四通集团股份有限公司,603838,四通股份,2015-07-01,,,,广东省潮州市
1250,安正时尚集团股份有限公司,603839,安正时尚,2017-02-14,,,,浙江省嘉兴市
1251,正平路桥建设股份有限公司,603843,正平股份,2016-09-05,,,,青海省西宁市
1252,华荣科技股份有限公司,603855,华荣股份,2017-05-24,,,,上海市
1253,山东步长制药股份有限公司,603858,步长制药,2016-11-18,,,,山东省菏泽市
1254,能科节能技术股份有限公司,603859,能科股份,2016-10-21,,,,北京市
1255,中公高科养护科技股份有限公司,603860,中公高科,2017-08-02,,,,北京市
1256,广州白云电器设备股份有限公司,603861,白云电器,2016-03-22,,,,广东省广州市
1257,沈阳桃李面包股份有限公司,603866,桃李面包,2015-12-22,,,,辽宁省沈阳市
1258,上海飞科电器股份有限公司,603868,飞科电器,2016-04-18,,,,上海市
1259,北部湾旅游股份有限公司,603869,北部湾旅,2015-03-26,,,,广西壮族自治区北海市
1260,宁波太平鸟时尚服饰股份有限公司,603877,太平鸟,2017-01-09,,,,浙江省宁波市
1261,江苏武进不锈股份有限公司,603878,武进不锈,2016-12-19,,,,江苏省常州市
1262,永悦科技股份有限公司,603879,永悦科技,2017-06-14,,,,福建省泉州市
1263,江苏南方卫材医药股份有限公司,603880,南卫股份,2017-08-07,,,,江苏省常州市
1264,上海数据港股份有限公司,603881,数据港,2017-02-08,,,,上海市
1265,老百姓大药房连锁股份有限公司,603883,老百姓,2015-04-23,,,,湖南省长沙市
1266,上海吉祥航空股份有限公司,603885,吉祥航空,2015-05-27,,,,上海市
1267,上海元祖梦果子股份有限公司,603886,元祖股份,2016-12-28,,,,上海市
1268,上海城地建设股份有限公司,603887,城地股份,2016-10-10,,,,上海市
1269,新华网股份有限公司,603888,新华网,2016-10-28,,,,北京市
1270,浙江新澳纺织股份有限公司,603889,新澳股份,2014-12-31,,,,浙江省嘉兴市
1271,浙江寿仙谷医药股份有限公司,603896,寿仙谷,2017-05-10,,,,浙江省金华市
1272,广州好莱客创意家居股份有限公司,603898,好莱客,2015-02-17,,,,广东省广州市
1273,上海晨光文具股份有限公司,603899,晨光文具,2015-01-27,,,,上海市
1274,通灵珠宝股份有限公司,603900,通灵珠宝,2016-11-23,,,,江苏省南京市
1275,杭州永创智能设备股份有限公司,603901,永创智能,2015-05-29,,,,浙江省杭州市
1276,中持水务股份有限公司,603903,中持水务,2017-03-14,,,,北京市
1277,江苏龙蟠科技股份有限公司,603906,龙蟠科技,2017-04-10,,,,江苏省南京市
1278,牧高笛户外用品股份有限公司,603908,牧高笛,2017-03-07,,,,浙江省衢州市
1279,合诚工程咨询集团股份有限公司,603909,合诚股份,2016-06-28,,,,福建省厦门市
1280,上海金桥信息股份有限公司,603918,金桥信息,2015-05-28,,,,上海市
1281,金徽酒股份有限公司,603919,金徽酒,2016-03-10,,,,甘肃省陇南市
1282,广东世运电路科技股份有限公司,603920,世运电路,2017-04-26,,,,广东省江门市
1283,浙江铁流离合器股份有限公司,603926,铁流股份,2017-05-10,,,,浙江省杭州市
1284,苏州兴业材料科技股份有限公司,603928,兴业股份,2016-12-12,,,,江苏省苏州市
1285,亚翔系统集成科技（苏州）股份有限公司,603929,亚翔集成,2016-12-30,,,,江苏省苏州市
1286,福建睿能科技股份有限公司,603933,睿能科技,2017-07-06,,,,福建省福州市
1287,博敏电子股份有限公司,603936,博敏电子,2015-12-09,,,,广东省梅州市
1288,唐山三孚硅业股份有限公司,603938,三孚股份,2017-06-28,,,,河北省唐山市
1289,益丰大药房连锁股份有限公司,603939,益丰药房,2015-02-17,,,,湖南省常德市
1290,大千生态景观股份有限公司,603955,大千生态,2017-03-10,,,,江苏省南京市
1291,哈森商贸（中国）股份有限公司,603958,哈森股份,2016-06-29,,,,江苏省苏州市
1292,湖南百利工程科技股份有限公司,603959,百利科技,2016-05-17,,,,湖南省岳阳市
1293,上海克来机电自动化工程股份有限公司,603960,克来机电,2017-03-14,,,,上海市
1294,法兰泰克重工股份有限公司,603966,法兰泰克,2017-01-25,,,,江苏省苏州市
1295,南通醋酸化工股份有限公司,603968,醋化股份,2015-05-18,,,,江苏省南通市
1296,天津银龙预应力材料股份有限公司,603969,银龙股份,2015-02-27,,,,天津市
1297,江西国泰民爆集团股份有限公司,603977,国泰集团,2016-11-11,,,,江西省南昌市
1298,深圳市新星轻合金材料股份有限公司,603978,深圳新星,2017-08-07,,,,广东省深圳市
1299,金诚信矿业管理股份有限公司,603979,金诚信,2015-06-30,,,,北京市
1300,浙江吉华集团股份有限公司,603980,吉华集团,2017-06-15,,,,浙江省杭州市
1301,江阴市恒润重工股份有限公司,603985,恒润股份,2017-05-05,,,,江苏省无锡市
1302,北京兆易创新科技股份有限公司,603986,兆易创新,2016-08-18,,,,北京市
1303,上海康德莱企业发展集团股份有限公司,603987,康德莱,2016-11-21,,,,上海市
1304,中电电机股份有限公司,603988,中电电机,2014-11-04,,,,江苏省无锡市
1305,湖南艾华集团股份有限公司,603989,艾华集团,2015-05-15,,,,湖南省益阳市
1306,苏州麦迪斯顿医疗科技股份有限公司,603990,麦迪科技,2016-12-08,,,,江苏省苏州市
1307,上海至正道化高分子材料股份有限公司,603991,至正股份,2017-03-08,,,,上海市
1308,洛阳栾川钼业集团股份有限公司,603993,洛阳钼业,2012-10-09,,,,河南省洛阳市
1309,中新科技集团股份有限公司,603996,中新科技,2015-12-22,,,,浙江省台州市
1310,宁波继峰汽车零部件股份有限公司,603997,继峰股份,2015-03-02,,,,浙江省宁波市
1311,湖南方盛制药股份有限公司,603998,方盛制药,2014-12-05,,,,湖南省长沙市
1312,读者出版传媒股份有限公司,603999,读者传媒,2015-12-10,,,,甘肃省兰州市
1313,上海锦江国际旅游股份有限公司,,,,900929,锦旅B股,1994-09-28,上海市
1314,上海汇丽建材股份有限公司,,,,900939,汇丽B,1996-06-28,上海市
1315,内蒙古伊泰煤炭股份有限公司,,,,900948,伊泰B股,1997-08-08,内蒙古自治区鄂尔多斯市
1316,大化集团大连化工股份有限公司,,,,900951,大化B股,1997-10-21,辽宁省大连市
1317,恒天凯马股份有限公司,,,,900953,凯马B,1998-06-24,上海市
1318,黄石东贝电器股份有限公司,,,,900956,东贝B股,1999-07-15,湖北省黄石市
1319,上海凌云实业发展股份有限公司,,,,900957,凌云B股,2000-07-28,上海市